id,albufeira,lagua,bacia,distrito,concelho,freguesia,adren_bara,adrenp_bar,altmax_bac,altmed_bac,altmin_bac,alt_bac,decmed_bac,compax_lag,decmed_lag,ppmed_a_ba,pp20_bac,pp50_bac,pp90_bac,escma_bac,esc20_bac,esc50_bac,esc90_bac,m,p,longdd,latdd,ano_ifunc,obra,projecto,tipo_barra,alt_barrag,alt_terren,dcoroament,ccoroament,lcoroament,npa,nmc,nme,cc_nmc,cc_npa,supinundnp,tresid,coeficreg,poa,rhidro_cod,escadaspei,aespanha,observacoe
190,Almourol (prevista),RIO TEJO,TEJO,SANTARÉM,VILA NOVA DA BARQUINHA,PRAIA DO RIBATEJO,67483.64,1979.06,676,191,6,0,8.9,84.7,0.4,947,0,0,0,0,0,0,0,178436,277148,-8.383667236,39.462164211,0,,,Gravidade de betão,0,22,0,0,0,31,33.3,0,0,0,1800,0,0,,,N,N,
191,Alqueva,RIO GUADIANA,GUADIANA,BEJA,MOURA,MOURA (SÃO JOÃO BAPTISTA),55289,53912.39,1580,562,74,0,6.4,748.3,0.1,593,0,0,0,0,0,0,0,255866,136892,-7.495338717,38.197294284,2002,EDIA,,Abóboda,96,0,458,154,7,152,152.8,130,1.2,2,25000,0,0,,24M/07A,,S,
10,Alto Ceira,RIO CEIRA,MONDEGO,COIMBRA,PAMPILHOSA DA SERRA,FAJÃO,24.04,24.05,1403,997,653,0,35.7,10.5,5.5,1415,0,0,0,0,0,0,0,224430,357948,-7.84622942,40.189794344,1949,EDP - Gestão da Produção de Energia S.A. Direcção da Produção Hidraúlica,SIR WILLIAM HALCROW,Abóboda,33.5,0,85,666.9,0,665.4,666.5,665,0,1.5,110.8,90,0,,12J/01AE,N,N,Esta barragem faz parte do complexo hidroeléctrico de Sta. Luzia.
38,Alto Cávado,RIO CÁVADO,CÁVADO/RIBEIRAS COSTEIRAS,VILA REAL,MONTALEGRE,SEZELHE,99.15,99.16,1515,1062,881,0,14.2,21.6,2.7,1724,0,0,0,0,0,0,0,221230,537069,-7.877669118,41.802763462,1964,EDP - Gestão da Produção de Energia S.A. Direcção da Produção Hidraúlica,HIDRO-ELÉCTRICA DO CÁVADO,Gravidade de betão,29,26,220,906.5,4.74,901.5,905,0,1.5,5,50,0,0,,03J/02AE,N,S,
83,Alto Lindoso,RIO LIMA,LIMA,VIANA DO CASTELO,ARCOS DE VALDEVEZ,SOAJO,1510.93,1510.94,1516,802,275,0,14.8,81.5,1.1,2520,0,0,0,0,0,0,0,194223,544754,-8.202710311,41.872214166,1992,EDP - Gestão da Produção de Energia S.A. Direcção da Produção Hidraúlica,"ELECTRICIDADE DE PORTUGAL, S.A.",Arco Abóboda,110,0,297,339,0,338,339,280,0,1,1072,0,0,,02H/01A,N,S,
39,Alto Rabagão,RIO RABAGÃO,CÁVADO/RIBEIRAS COSTEIRAS,VILA REAL,MONTALEGRE,VIADE DE BAIXO,103.12,103.12,1271,952,800,0,10.9,18.6,1.7,1637,0,0,0,0,0,0,0,223220,529866,-7.854005065,41.737857863,1964,EDP - Gestão da Produção de Energia S.A. Direcção da Produção Hidraúlica,HIDRO-ELÉCTRICA DO CÁVADO,Abóboda,94,0,1970,880,0,880,880.1,829,0,0,2212,0,0,,03J/03A,N,N,
123,Alto Tâmega (prevista),RIO TÂMEGA,DOURO,VILA REAL,RIBEIRA DE PENA,CANEDO,1546.55,506.65,1191,625,243,0,16.6,42.2,1.6,1072,0,0,0,0,0,0,0,233463,511632,-7.731899979,41.573328082,0,,,Arco Abóboda,93,0,0,0,0,312,313,297.5,0,0,0,0,0,,,,N,
193,Alvarenga,RIO PAIVA,DOURO,AVEIRO,AROUCA,ALVARENGA,647.88,359.71,1360,688,165,0,27.1,54.7,1.6,1934,0,0,0,0,0,0,0,195869,441972,-8.182173381,40.946789573,0,,,Arco Abóboda,0,205,0,0,0,283,284,230,0,0,0,0,0,,,,N,
59,Alvito,RIBEIRA DE ODIVELAS OU ORIOLA OU ALVITO,SADO,BEJA,CUBA,VILA ALVA,210.77,188.97,396,245,169,0,4.6,23.1,0.7,640,0,0,0,0,0,0,0,219468,145792,-7.910600619,38.278992023,1977,INAG I.P.,DIRECÇÃO-GERAL DOS SERVIÇOS HIDRÁULICOS,Terra zonada,48.5,44,1105,201.6,10,197.5,198.55,172,3.05,4.1,1480,0,0,,24J/01A,N,N,
194,Alvito-Tejo (prevista),RIO OCREZA,TEJO,CASTELO BRANCO,PROENÇA-A-NOVA,MONTES DA SENHORA,969.2,893.66,1088,389,137,0,12.7,63.7,1,976,0,0,0,0,0,0,0,232269,307634,-7.756668221,39.736405188,0,,,Arco Abóboda,0,146,0,0,0,255,0,0,0,0,0,0,0,,,,N,
9,Andorinhas,RIO AVE,AVE/LEÇA,BRAGA,GUIMARÃES,CASTELÕES,148.3,25.18,877,400,189,0,21.5,8.7,7.3,2104,0,0,0,0,0,0,0,194738,511066,-8.19620656,41.568912247,1945,EDP - Gestão da Produção de Energia S.A. Direcção da Produção Hidraúlica,A STUCKY,Gravidade de betão,25,0,103.5,191.2,1.8,185.7,189.1,0,2.1,5.5,21,0,0,,04H/02AE,N,N,Esta barragem alimenta a central hidroeléctica de Senhora do Porto do aproveitamento hidroeléctrico em cascata do Rio Ave.
86,Apartadura,RIBEIRA DAS REVELADAS,TEJO,PORTALEGRE,MARVÃO,SÃO SALVADOR DA ARAMENHA,8.38,8.39,1019,720,592,0,17.4,5.9,6.8,947,0,0,0,0,0,0,0,264586,264952,-7.383837725,39.350177699,1993,INAG I.P.,COBA,Enrocamento com cortina a montante,46.5,44.5,284,598,8,595,595.9,568,2.05,3,48,0,0,,17M/01A,N,N,
23,Arade,RIO ARADE,ARADE,FARO,SILVES,SILVES,224.98,12.39,266,121,36,0,17.6,5.9,3.3,637,0,0,0,0,0,0,0,178422,30417,-8.376264769,37.239474177,1956,ASSOCIAÇÃO DE REGANTES E BENEFICIÁRIOS DE SILVES LAGOA E PORTIMÃO,JUNTA AUTONOMA DAS OBRAS DE HIDRÁULICA AGRICOLA,Terra zonada,50,42.5,246,65,9,61,62.5,34.5,2.5,4,182,0,0,,30G/02A,N,N,
231,Arcossó,RIBEIRA DE ARCUSSO,DOURO,VILA REAL,CHAVES,SANTO ANTÓNIO DE MONFORTE,30.87,30.87,1018,741,516,0,10.5,9.8,5,922,0,0,0,0,0,0,0,262586,535075,-7.380285133,41.782631052,1999,ASSOCIAÇÃO DE REGANTES DA VEIGA DE CHAVES,HIDROPROJECTO,Enrocamento com cortina a montante,40,0,315,540,8,537,538.25,0,1.75,3,41,0,0,,,,N,
195,Arga Baixo,RIBEIRO DE S. JOAO,MINHO/ÂNCORA,VIANA DO CASTELO,CAMINHA,ARGA DE BAIXO,10.21,10.22,818,574,433,0,12.7,5.6,4.6,2681,0,0,0,0,0,0,0,152223,542476,-8.708429787,41.850282534,0,,,Terra,0,433,0,0,0,441,0,0,0,0,0,0,0,,,,N,
196,Arroio,RIBEIRA DO ARROIO,DOURO,BRAGANÇA,FREIXO DE ESPADA À CINTA,LIGARES,3.04,3.05,701,558,471,0,15.7,2.5,6.1,617,0,0,0,0,0,0,0,298774,459234,-6.957439459,41.096243264,1992,CAMARA MUNICIPAL DE TORRE DE MONCORVO,,Terra,0,471,0,0,0,439,439.7,431,0,0,15,0,0,,07P/01A,,N,
197,Atalaia,RIO CÔA,DOURO,GUARDA,PINHEL,ATALAIA,39.55,39.55,891,758,631,0,5.8,13.1,1.5,709,0,0,0,0,0,0,0,293546,409801,-7.027083372,40.651814793,0,,,Enrocamento,0,668,0,0,0,655,656,620,0,0,0,0,0,,,,N,
70,Azibo,RIO AZIBO,DOURO,BRAGANÇA,MACEDO DE CAVALEIROS,VALE DA PORCA,93.13,93.13,1202,762,585,0,13.4,18,2.8,1021,0,0,0,0,0,0,0,303868,510449,-6.888078303,41.556640637,1982,INAG I.P.,COBA,Terra zonada,56,52,551,606,10,602,603.65,580,2.35,4,410,0,0,,04P/01A,N,N,
188,Abrilongo,RIBEIRA DO ABRILONGO,GUADIANA,PORTALEGRE,CAMPO MAIOR,NOSSA SENHORA DA GRAÇA DOS DEGOLADOS,123.35,123.36,531,340,231,0,7,22.5,1.1,631,0,0,0,0,0,0,0,287532,236989,-7.12129496,39.096329614,2000,DIRECÇÃO GERAL DA AGRICULTURA E DESENVOLVIMENTO RURAL (DGADR),,Terra,30,27,0,254.7,8,252,253.7,241.2,1,2.7,295,0,0,,19O/01AE,,S,
64,Aguieira,RIO MONDEGO,MONDEGO,VISEU,MORTÁGUA,ALMAÇA,3069.08,2367.27,1591,441,78,0,12,122.7,0.9,1155,0,0,0,0,0,0,0,194596,374670,-8.19670825,40.340723246,1981,EDP - Gestão da Produção de Energia S.A. Direcção da Produção Hidraúlica,"ELECTRICIDADE DE PORTUGAL, S.A.",Arcos Múltiplos,89,82,400,0,0,124.7,126,110,0,0,2000,0,0,,11H/01A,N,N,
189,Alcoutim,RIBEIRA DE CADAVAIS,GUADIANA,FARO,ALCOUTIM,ALCOUTIM,23.39,23.39,274,182,52,0,6.8,12.2,1.7,568,0,0,0,0,0,0,0,256584,56193,-7.493445622,37.470242531,1995,CAMARA MUNICIPAL DE ALCOUTIM,HIDROPROJECTO,Enrocamento com núcleo,30.5,29,130.5,55,9,52,53.8,32.55,1.2,3,0,0,0,,,,N,
87,Alijó (Vila Chã),RIBEIRA DA CHA,DOURO,VILA REAL,ALIJÓ,VILA CHÃ,9.13,9.13,823,761,656,0,8.3,5.8,2.2,974,0,0,0,0,0,0,0,253768,482336,-7.49105849,41.30846296,1991,INAG I.P.,HIDROTÉCNICA-PORTUGUESA,Terra zonada,40,36,167,660.9,6,658.5,660,613.3,0.9,2.4,18,0,0,,06M/01A,N,N,
171,Figueiró,RIBEIRA DE FIGUEIRO,TEJO,PORTALEGRE,NISA,AREZ,117.22,117.23,416,309,209,0,3.3,28.5,0.6,760,0,0,0,0,0,0,0,233221,282747,-7.746809317,39.512224924,0,,,,43,0,0,0,0,260,0,0,0,0,0,0,0,,,,N,
143,Açude Pateiro,RIO MONDEGO,MONDEGO,GUARDA,GUARDA,VILA SOEIRO,184.76,147.44,1585,1078,523,0,20.1,37.1,2.3,1350,0,0,0,0,0,0,0,267401,397135,-7.337523357,40.540312036,1938,,,Alvenaria,7.7,7.5,43,0,0,637.54,638.74,0,0,0,0,0,0,,,,N,
148,Açude Pisões,RIO DINHA,MONDEGO,VISEU,TONDELA,CANAS DE SANTA MARIA,51.58,51.58,1035,503,296,0,12,18.6,3.2,1809,0,0,0,0,0,0,0,205305,397774,-8.07048314,40.548784739,1927,,,Alvenaria,2,0,25,0,0,0,0,0,0,0,0,0,0,,,,N,
212,Açude Ponte da Pedra,RIO ALVIELA,TEJO,SANTARÉM,ALCANENA,LOURICEIRA,71.38,71.39,577,325,51,0,8.1,17.1,2.4,1199,0,0,0,0,0,0,0,149639,276529,-8.718219435,39.455385428,0,,,,0,0,0,0,0,0,0,0,0,0,0,0,0,,,,,
97,Açude Rei de Moinhos,RIO ALVA OU RIBEIRA DA FERVENÇA,MONDEGO,COIMBRA,TÁBUA,MOURONHO,509.53,435.64,1990,620,162,0,29.4,56.1,3,1227,0,0,0,0,0,0,0,208425,365322,-8.03407721,40.256514718,1939,,,Alvenaria,5.5,0,50,0,0,128,131,123,0,0,0,0,0,,,,N,
99,Açude Ribafeita,RIO VOUGA,VOUGA/RIBEIRAS COSTEIRAS,VISEU,VISEU,LORDOSA,265.77,265.77,949,659,376,0,10.5,47.8,1,1304,0,0,0,0,0,0,0,216906,420833,-7.932912177,40.756276378,0,,,Blocos Betão,0,380,0,0,0,0,0,0,0,0,0,0,0,,,,N,
120,Açude Veiga Chaves/Aç.V.Verde Raia,RIO TÂMEGA,DOURO,VILA REAL,CHAVES,SÃO PEDRO DE AGOSTÉM,1039.9,1009.03,1517,664,334,0,14,66,0.8,950,0,0,0,0,0,0,0,252736,527795,-7.499405809,41.717805464,0,,,Gravidade de betão,6,0,0,0,0,0,0,0,0,0,1,0,0,,,,S,
223,Açude da Caniça,RIBEIRA DA CANICA OU DA LAGOA OU DA PRAGUEIRA,MONDEGO,GUARDA,SEIA,LAPA DOS DINHEIROS,18.75,10.74,1821,1377,886,0,31.6,6.2,14.1,1749,0,0,0,0,0,0,0,237787,378993,-7.688144505,40.378818106,1940,,,Alvenaria,1,0,9,0,0,834.4,836,833.8,0,0,0,0,0,,,,N,"As águas desta Rib. são derivadas para a central de Ponte de Jugais, por canal"
144,Açude de Pedrogão,RIO GUADIANA,GUADIANA,BEJA,SERPA,PIAS,59395.49,3302.51,1092,382,56,0,8.1,193.8,0.4,561,0,0,0,0,0,0,0,244185,127158,-7.629283897,38.110252578,2005,EDIA,"ELECTRICIDADE DE PORTUGAL, S.A.",Gravidade de betão,43,34.5,448,94.1,7,84.8,91.8,79,2.3,9.3,1104,0,0,,,,S,
221,Açude de Ponte Jugais,RIO ALVA OU RIBEIRA DA FERVENÇA,MONDEGO,GUARDA,SEIA,LAPA DOS DINHEIROS,69.58,0.61,954,753,558,0,35.8,1.1,28.3,1248,0,0,0,0,0,0,0,236026,379466,-7.708854098,40.383155404,1966,,,Alvenaria,10,7.5,40,0,0,795.74,797.7,0,0,0,0,0,0,,,,N,Faz parte do sistema produtor hidroeléctrico da Serra da Estrela - C.H.Ponte Jugais
222,Açude de Vila Cova,RIO ALVA OU RIBEIRA DA FERVENÇA,MONDEGO,GUARDA,SEIA,SÃO ROMÃO,68.97,5.12,1390,941,561,0,33.4,3.9,19.7,1438,0,0,0,0,0,0,0,236185,379635,-7.70697213,40.384670413,1937,,,Alvenaria,9,0,40,0,0,554.75,556.5,0,0,0,0,0,0,,,,,Faz parte do sistema produtor hidroeléctrico da Serra da Estrela - C.H.Vila Cova
135,Açude do Desterro,RIO ALVA OU RIBEIRA DA FERVENÇA,MONDEGO,GUARDA,SEIA,SÃO ROMÃO,45.09,33.65,1726,1295,807,0,20.4,15.2,5.7,1734,0,0,0,0,0,0,0,237225,380809,-7.694656318,40.395196806,1959,,,Alvenaria,9.5,0,35,0,0,0,0,0,0,0,0,0,0,,,,N,Faz parte do sistema produtor hidroeléctrico da Serra da Estrela - C.H. do Desterro
211,Açude do Negro,RIBEIRA DA FANICA OU DE S. PEDRO,TEJO,ÉVORA,ARRAIOLOS,SABUGUEIRO,63.12,63.13,365,265,184,0,4.5,14.6,1.1,702,0,0,0,0,0,0,0,200584,200590,-8.126376049,38.772842531,0,,,,0,0,0,0,0,0,0,0,0,0,0,0,0,,,,,
66,Açude- Ponte de Coimbra,RIO MONDEGO,MONDEGO,COIMBRA,COIMBRA,COIMBRA (SANTA CRUZ),4918.53,774.91,1201,283,0,0,19.6,58.3,1.3,1191,0,0,0,0,0,0,0,173866,360835,-8.440112291,40.215739346,1981,INAG I.P.,HIDROPROJECTO,Açude móvel (com comportas),39.2,6.2,202.4,22,0,18,19,17.3,3,5,92.5,0,0,,12G/01AE,S,N,
198,Bastêlos,RIBEIRA DE MACEDO,DOURO,BRAGANÇA,MOGADOURO,PENAS ROIAS,26.12,26.13,951,737,624,0,8.8,10,2,804,0,0,0,0,0,0,0,323239,492747,-6.659563028,41.394562067,1993,CAMARA MUNICIPAL DE MOGADOURO,,Enrocamento drenante,23.2,22,122,625.5,0,624,625.4,0,0.1,1.5,17.6,0,0,,05R/01A,,N,
78,Beliche,RIBEIRA DE BELICHE,GUADIANA,FARO,CASTRO MARIM,AZINHAL,98.47,98.48,494,198,33,0,12.7,32.3,1.3,644,0,0,0,0,0,0,0,255330,34671,-7.509227047,37.27641351,1986,INAG I.P.,HIDROPROJECTO,Enrocamento com núcleo,54,42,527,54.3,12,52,52.5,15,0,2.3,292,0,0,,30L/02A,N,N,
18,Belver,RIO TEJO,TEJO,PORTALEGRE,GAVIÃO,GAVIÃO,61539.98,370.1,632,256,33,0,12.4,35.3,1.3,875,0,0,0,0,0,0,0,211585,279070,-7.998454273,39.479669273,1952,EDP - Gestão da Produção de Energia S.A. Direcção da Produção Hidraúlica,A STUCKY,Gravidade de betão,30,0,327.5,47.5,0,46.15,46.65,40,0,1.35,286,0,0,,17J/01A,S,N,
220,Bemposta,RIO DOURO,DOURO,BRAGANÇA,MOGADOURO,BEMPOSTA,64184.9,165.97,810,653,301,0,12.2,28,1.4,637,0,0,0,0,0,0,0,339302,482663,-6.469883732,41.301186099,1964,EDP - Gestão da Produção de Energia S.A. Direcção da Produção Hidraúlica,HIDRO-ELÉCTRICA DO DOURO,Gravidade de betão,87,0,297,408,3.5,402,408,397,0,6,405,0,0,,06S/01A,N,S,
225,Beságueda,RIO BESAGUEDA,TEJO,CASTELO BRANCO,PENAMACOR,PENAMACOR,87.56,87.56,1073,678,392,0,19.7,29.5,2.2,967,0,0,0,0,0,0,0,289444,352932,-7.083551937,40.14022404,0,,,Blocos Betão,0,0,0,0,0,0,0,0,0,0,0,0,0,,13O/02H,,,
199,Bezêlga,RIBEIRA DE FENERAS,DOURO,VISEU,PENEDONO,BESELGA,8.69,8.7,986,862,747,0,11.9,5.5,3.8,811,0,0,0,0,0,0,0,260665,443342,-7.412554006,40.956888706,0,,,,0,764,0,0,0,0,0,0,0,0,0,0,0,,,,N,Também chamada de barragem da Dama
200,Boavista,BARRANCO DA BOAVISTA,GUADIANA,BEJA,ALMODÔVAR,ALMODÔVAR,3.54,3.55,365,332,298,0,3.1,3.2,1.5,673,0,0,0,0,0,0,0,203758,59635,-8.090586952,37.502975912,0,,,Terra,8,0,0,0,0,309,309.46,0,0,0,0,0,0,,28I/01A,,N,
24,Bouçã,RIO ZÊZERE,TEJO,LEIRIA,PEDRÓGÃO GRANDE,GRAÇA,2601.71,185.39,1196,464,164,0,15.5,44.4,1.7,1392,0,0,0,0,0,0,0,192585,320589,-8.219751662,39.853658775,1955,EDP - Gestão da Produção de Energia S.A. Direcção da Produção Hidraúlica,HIDRO-ELÉCTRICA DO ZÊZERE,Abóboda,63,0,175,181,0,175,179.8,167.1,0,6,500,0,0,,14H/01A,N,N,
30,Bravura,RIBEIRO DE ODEÁXERE,RIBEIRAS DO ALGARVE,FARO,LAGOS,BENSAFRIM,76.58,76.58,554,202,70,0,15.9,16.6,2.5,821,0,0,0,0,0,0,0,149868,26352,-8.697778463,37.201749494,1958,ASSOCIAÇÃO DE REGANTES E BENEFICIÁRIOS DO ALVOR,HIDROTÉCNICA-PORTUGUESA,Arco,41,36,150,86,5,84.1,85,61,1,1.9,285,0,0,,30E/01A,N,N,
201,Bufo,RIBEIRA DA MÚRTEGA,GUADIANA,BEJA,BARRANCOS,BARRANCOS,803.97,803.98,944,494,182,0,13.7,69.3,0.8,559,0,0,0,0,0,0,0,299465,132836,-6.998259509,38.157005627,1983,CAMARA MUNICIPAL DE BARRANCOS,HIDROPROJECTO,Gravidade de betão,0,11,70,183.5,2,178.5,183.08,175,0.42,5,0,0,0,,25P/01H,,S,
55,Burga,RIBEIRA DO CEREJAL,DOURO,BRAGANÇA,VILA FLOR,TRINDADE,18.58,18.59,1191,622,318,0,25.8,7.9,8.3,727,0,0,0,0,0,0,0,290586,491871,-7.050043264,41.391011314,1978,,HIDROPROJECTO,Terra homogénea,35,28,353,331.5,8,329,330.5,307,1,2.5,16,0,0,,05O/01A,N,N,
7,Burgães,RIO CAIMA,VOUGA/RIBEIRAS COSTEIRAS,AVEIRO,OLIVEIRA DE AZEMÉIS,PALMAZ,121.22,0,1099,936,150,0,16.9,7.5,6.8,2443,0,0,0,0,0,0,0,173708,426271,-8.444693398,40.804999376,1940,ASSOCIAÇÃO DE REGANTES E BENEFICIÁRIOS DE BURGÃES,JUNTA AUTONOMA DAS OBRAS DE HIDRÁULICA AGRICOLA,Alvenaria,28,20,66,108,1,108,0,0,0,0,5,0,0,,08H/01A,N,N,
202,Cabouços,RIBEIRA DE CABOUCO,DOURO,VILA REAL,VILA POUCA DE AGUIAR,GOUVÃES DA SERRA,2.03,2.04,1173,1035,922,0,11.2,3.3,7,2093,0,0,0,0,0,0,0,235014,500355,-7.713958779,41.471729908,0,,,Terra,0,922,0,0,0,900,0,0,0,0,0,0,0,,,,N,
207,Castro Daire,RIO PAIVA,DOURO,VISEU,CASTRO DAIRE,RIBOLHOS,288.18,64.26,1035,740,459,0,14.7,18.4,2.9,1647,0,0,0,0,0,0,0,216898,435791,-7.932602884,40.890969341,0,,,Arco Abóboda,0,467,0,0,0,510,510,465,0,0,0,0,0,,,,N,
21,Cabril,RIO ZÊZERE,TEJO,LEIRIA,PEDRÓGÃO GRANDE,PEDRÓGÃO GRANDE,2416.32,705.45,1170,554,202,0,24,79.6,0.6,1261,0,0,0,0,0,0,0,200024,327708,-8.13282438,39.917807098,1954,EDP - Gestão da Produção de Energia S.A. Direcção da Produção Hidraúlica,HIDRO-ELÉCTRICA DO ZÊZERE,Abóboda,132,0,290,297,0,296,296.3,240,0.7,1,2023,0,0,,14I/01A,N,N,
214,Cachão,,DOURO,BRAGANÇA,MIRANDELA,FRECHAS,0.1,0.1,267,252,243,0,6.1,0.4,1.3,0,0,0,0,0,0,0,0,281425,492315,-7.15949946,41.39598664,1972,,,Terra,20,0,0,0,0,0,0,0,0,0,0,0,0,,,,N,
42,Caia,RIO CAIA,GUADIANA,PORTALEGRE,ELVAS,SÃO VICENTE E VENTOSA,567.55,567.56,1015,343,206,0,5.8,57.5,1.1,648,0,0,0,0,0,0,0,285228,226019,-7.149294509,38.997759167,1967,ASSOCIAÇÃO DE BENEFICIÁRIOS DO CAIA,DIRECÇÃO-GERAL DOS SERVIÇOS HIDRÁULICOS,Contrafortes,52,45.2,949,235.2,11,233.5,233.9,192.4,1.3,1.7,1970,0,0,,20O/01A,N,S,
89,Caldeirão,RIBEIRA DO CALDEIRÃO,MONDEGO,GUARDA,GUARDA,PÊRO SOARES,37.31,37.32,1121,885,688,0,17.7,10.9,3.5,999,0,0,0,0,0,0,0,268031,396187,-7.330189497,40.531724505,1993,EDP - Gestão da Produção de Energia S.A. Direcção da Produção Hidraúlica,"ELECTRICIDADE DE PORTUGAL, S.A.",Arco,39,0,122,707.1,0,702,703.7,695,3.3,5.1,66,0,0,,10M/01A,S,N,
203,Caldeirão(Tejo),RIO ALMONDA,TEJO,SANTARÉM,TORRES NOVAS,RIBEIRA BRANCA,34.04,34.04,663,212,57,0,13.5,12,4.7,1030,0,0,0,0,0,0,0,161545,280992,-8.580151955,39.496196271,0,,,Arco Abóboda,14,0,0,0,0,34.2,34.7,0,0,0,0,0,0,,,,N,
213,Camba,RIBEIRA DE LAMEIRÃO OU DA CAMBA,DOURO,BRAGANÇA,ALFÂNDEGA DA FÉ,GEBELIM,6.12,6.13,1167,862,598,0,24.4,6.2,8.4,990,0,0,0,0,0,0,0,302972,498130,-6.900919111,41.445865205,1993,CAMARA MUNICIPAL DE ALFÂNDGA DA FÉ,TECNIAGRA,Terra zonada,35,30,175,623,8,620.43,622,598,1,3,9.5,0,0,,05P/02A,N,N,
22,Campilhas,RIBEIRA DE CAMPILHAS,SADO,SETÚBAL,SANTIAGO DO CACÉM,VALE DE ÁGUA,106.94,106.94,320,155,84,0,5.4,16.3,1,790,0,0,0,0,0,0,0,157226,97314,-8.61903302,37.84145473,1954,ASSOCIAÇÃO DE REGANTES E BENEFICIÁRIOS DE CAMPILHAS E ALTO SADO,JUNTA AUTONOMA DAS OBRAS DE HIDRÁULICA AGRICOLA,Terra zonada com cortina,35,28,711,111.5,8,108,109.15,92.53,2.35,3.5,333,0,0,,26F/01A,N,N,
25,Caniçada,RIO CÁVADO,CÁVADO/RIBEIRAS COSTEIRAS,BRAGA,VIEIRA DO MINHO,PARADA DO BOURO,774.66,159.61,1443,661,123,0,31.7,27.3,4.2,2729,0,0,0,0,0,0,0,191818,520354,-8.231342381,41.652512365,1955,EDP - Gestão da Produção de Energia S.A. Direcção da Produção Hidraúlica,HIDRO-ELÉCTRICA DO CÁVADO,Arco,76,0,246,163,0,162,163,118,0,1,689,0,0,,04H/01A,N,N,
65,Capinha,RIBEIRA DAS POLDRAS,TEJO,CASTELO BRANCO,FUNDÃO,CAPINHA,6.25,6.26,729,588,495,0,12.4,3.3,5.1,1059,0,0,0,0,0,0,0,263865,360948,-7.382878319,40.214738144,1981,INAG I.P.,COBA,Terra homogénea,18,16,231,505,7,502.5,503.37,498,1.63,2.5,9.7,0,0,,12M/01A,N,N,
48,Carrapatelo,RIO DOURO,DOURO,VISEU,CINFÃES,SÃO CRISTOVÃO DE NOGUEIRA,92375.87,708.5,1408,535,0,0,25.2,69.8,1.1,1536,0,0,0,0,0,0,0,200180,457389,-8.130973037,41.085622402,1972,EDP - Gestão da Produção de Energia S.A. Direcção da Produção Hidraúlica,HIDRO-ELÉCTRICA DO DOURO,Gravidade de betão,57,0,400,55,0,46.5,47.5,45,7.5,8.5,952,0,0,,07I/01A,S,N,
232,Carrasqueira (Part.),RIBEIRA DO CABIDO,TEJO,ÉVORA,ARRAIOLOS,IGREJINHA,24.44,24.44,359,286,240,0,3.8,8.4,1,608,0,0,0,0,0,0,0,220025,196672,-7.902782991,38.737323476,0,,,,0,249,0,0,0,0,0,0,0,0,0,0,0,,,,N,
204,Carvalheira,RIBEIRA DA CARVALHEIRA OU DAS CALES,DOURO,BRAGANÇA,MACEDO DE CAVALEIROS,GRIJÓ,53.38,53.39,1103,636,501,0,11.7,11.3,4.1,848,0,0,0,0,0,0,0,296183,504992,-6.981049527,41.508477474,1971,,,Terra,0,506,0,0,0,622.6,623.4,0,0,0,1,0,0,,,,N,
205,Carviçais(V.Ferreiros),RIBEIRA DO MONDEGO,DOURO,BRAGANÇA,TORRE DE MONCORVO,CARVIÇAIS,4.03,4.03,902,716,632,0,15.3,3.2,6.9,685,0,0,0,0,0,0,0,301336,469764,-6.925213703,41.190722347,1984,CAMARA MUNICIPAL DE TORRE DE MONCORVO,TECNIAGRA,Terra zonada,20,19,320,637,6,635,636,627.5,1,2,22,0,0,,06P/01A,,N,
224,Castanheira,,MONDEGO,COIMBRA,PAMPILHOSA DA SERRA,FAJÃO,5.2,5.2,1145,905,686,0,35.6,3.4,11.8,1336,0,0,0,0,0,0,0,221786,357476,-7.877293152,40.185616272,0,,,Gravidade de betão,14,0,0,0,0,0,0,0,0,0,0,0,0,,,,N,Faz parte do complexo hidroeléctrico de Santa Luzia
206,Castelo Paiva,RIO PAIVA,DOURO,VISEU,CINFÃES,SOUSELO,788.17,140.29,1211,491,23,0,25.9,26.6,4.2,1742,0,0,0,0,0,0,0,191225,453944,-8.237496005,41.05455444,0,,,Enrocamento,0,35,0,0,0,84,84,62.5,0,0,0,0,0,,,,N,
14,Castelo de Bode,RIO ZÊZERE,TEJO,SANTARÉM,TOMAR,SÃO PEDRO DE TOMAR,3964.56,1338.23,1080,390,74,0,16.5,111.6,0.6,1166,0,0,0,0,0,0,0,184031,286114,-8.318871258,39.54304144,1951,EDP - Gestão da Produção de Energia S.A. Direcção da Produção Hidraúlica,A COYNE,Gravidade de betão,115,0,402,124.3,0,121.5,122,79,2.3,2.8,3291,0,0,,16H/01A,N,N,
226,Ciborro,RIBEIRA DAS BARROSAS,TEJO,ÉVORA,MONTEMOR-O-NOVO,CIBORRO,1.36,1.36,162,133,110,0,4,2,1.5,660,0,0,0,0,0,0,0,191661,205270,-8.229109571,38.814960041,1977,,,Terra,25,0,260,0,0,152.5,0,0,0,0,0,0,0,,,,,
84,Corgas,RIO ISNA,TEJO,CASTELO BRANCO,OLEIROS,ISNA,24.61,24.62,1071,794,535,0,22.7,11.6,4,1317,0,0,0,0,0,0,0,219624,316536,-7.903912435,39.81696364,1991,CAMARA MUNICIPAL DE PROENÇA-A-NOVA,APAGEL,Gravidade de betão,30,25.5,92,545.5,0,543,543,532.5,2.5,2.5,11,0,0,,15J/01A,N,N,
92,Corte Brique,RIBEIRA DA CORTE BRIQUE,MIRA,BEJA,ODEMIRA,SANTA CLARA-A-VELHA,14.57,14.57,392,256,122,0,17.4,9.4,2.3,803,0,0,0,0,0,0,0,172585,68541,-8.443461857,37.582816081,1993,ASSOCIAÇÃO DE BENEFICIÁRIOS DO MIRA,,Terra homogénea,28,0,117,137,8,134.62,135.8,120,2.01,2.4,17.8,0,0,,28G/02AE,N,N,
208,Cortes,RIBEIRA DO PAUL OU CORTES,TEJO,CASTELO BRANCO,COVILHÃ,CORTES DO MEIO,21.45,19.46,1753,1318,645,0,29.7,9.6,10.3,1830,0,0,0,0,0,0,0,247466,366675,-7.575086268,40.267398612,0,,,,0,645,0,0,0,1197,0,0,0,0,0,0,0,,,,N,
71,Cova do Viriato,RIBEIRA DO PAUL OU CORTES,TEJO,CASTELO BRANCO,COVILHÃ,CORTES DO MEIO,1.99,2,1679,1602,1546,0,9.6,2.5,4.4,1986,0,0,0,0,0,0,0,248639,371341,-7.560942993,40.30934953,1982,INFRAESTRUTURAS E CONCESSÕES DA COVILHÃ EEM,APAGEL,Gravidade de betão,28,22,202,1576,4,1557,1557.6,1541.2,1,1.6,23.5,0,0,,12L/02A,N,N,
158,Covas,RIO COURA,MINHO/ÂNCORA,VIANA DO CASTELO,VILA NOVA DE CERVEIRA,COVAS,175.75,175.75,870,404,99,0,15.1,29,2.2,2272,0,0,0,0,0,0,0,152428,545710,-8.706224726,41.879413977,1976,,,Gravidade de betão,0,89,0,0,0,88,0,0,0,0,0,0,0,,,,N,
157,Covão da Erva Fome,,MONDEGO,GUARDA,SEIA,SABUGUEIRO,0.02,0.03,1466,1458,1450,0,16.9,0.1,0,0,0,0,0,0,0,0,0,245225,380436,-7.600461428,40.391442826,1955,,,Arco Gravidade,10,0,0,0,0,1436,1438,1427,0,0,7,0,0,,,,N,"Afluem-lhe os caudais derivados do Vale do Rossim, transferidos para o Lagoacho por túnel"
209,Covão da Lameira ou do Boeiro,RIBEIRA DE LORIGA,MONDEGO,GUARDA,SEIA,LORIGA,1.13,1.13,1922,1835,1735,0,17,1.6,8.2,2017,0,0,0,0,0,0,0,243208,374275,-7.624630123,40.336068836,0,,,,0,0,0,0,0,0,0,0,0,0,0,0,0,,,,N,As afluências da sua bacia são transferidas para o Covão do Meio
210,Covão do Curral,RIBEIRA DO COVAO DO URSO OU DA NAVE DESCIDA OU DAS NAVES,MONDEGO,GUARDA,SEIA,SÃO ROMÃO,1.5,1.25,1704,1598,1477,0,17.9,1.8,10.4,1902,0,0,0,0,0,0,0,241609,378194,-7.64319171,40.371441289,1945,,,Alvenaria,10,0,0,0,0,1479.5,0,0,0,0,41,0,0,,,,N,As afluências da sua bacia são transferidas por canal para a Câmara de Carga e do Sabugueiro II
27,Covão do Ferro,RIBEIRA DE UNHAIS,TEJO,CASTELO BRANCO,COVILHÃ,UNHAIS DA SERRA,1.85,1.86,1991,1806,1517,0,33,2.4,16.4,2054,0,0,0,0,0,0,0,245711,371801,-7.595352253,40.313656957,1956,,,Gravidade de betão,35,0,278,0,0,1575.1,1575.7,0,0,0,0,0,0,,12L/01AE,N,N,
155,Covão do Forno,RIBEIRA DA CANICA OU DA LAGOA OU DA PRAGUEIRA,MONDEGO,GUARDA,SEIA,SÃO ROMÃO,0.24,0.25,1700,1629,1575,0,21,0.7,8.6,1907,0,0,0,0,0,0,0,242025,377866,-7.638315346,40.368466768,1966,,,Gravidade de betão,7,0,240,0,0,1571.07,1571.36,0,0,0,0,0,0,,,,N,O canal de adução deste aproveitamento tem origem na B. da Lagoa Comprida e é ligada á Central por conduta forçada
19,Covão do Meio,RIBEIRA DE LORIGA,MONDEGO,GUARDA,SEIA,LORIGA,4.3,3.17,1991,1848,1648,0,17,2.9,11.1,2054,0,0,0,0,0,0,0,242502,374035,-7.632954079,40.333943765,1953,EDP - Gestão da Produção de Energia S.A. Direcção da Produção Hidraúlica,ENGª LAGIHA SERAFIM,Gravidade de betão,31.5,25,300,1653.9,0,1653.7,1653.9,0,0,0,90,0,0,,13L/01AE,N,N,Os escoamento gerados na sua bacia são derivados para a barragem da Lagoa Comprida pelo túnel do Covão do Meio.
192,Gouvães (prevista),RIO LOUREDO,DOURO,VILA REAL,VILA POUCA DE AGUIAR,GOUVÃES DA SERRA,39.62,37.59,1200,951,868,0,7.8,13.9,1.5,1729,0,0,0,0,0,0,0,234017,502584,-7.725768316,41.491841574,0,,,Contrafortes,0,870,0,0,0,883.5,0,855,0,0,0,0,0,,06K/05A,,N,
116,Covão do Vale do Conde,RIBEIRA DO COVAO DO URSO OU DA NAVE DESCIDA OU DAS NAVES,MONDEGO,GUARDA,SEIA,SABUGUEIRO,0.22,0.23,1715,1676,1616,0,14.5,0.8,11.3,0,0,0,0,0,0,0,0,243319,378129,-7.62306279,40.370769016,1955,,,Alvenaria,5,0,62,1586,0,1586,1589,1582,0,0,0,0,0,,,,,As água da sua bacia de armazenamento são transferidas para a bacia do Covão da Erva da Fome por canal
156,Covão dos Conchos,RIBEIRA DO COVAO DO URSO OU DA NAVE DESCIDA OU DAS NAVES,MONDEGO,GUARDA,SEIA,SABUGUEIRO,2.12,2.13,1815,1693,1634,0,8,2.4,3.1,1968,0,0,0,0,0,0,0,244425,377443,-7.610088743,40.364533402,1955,,,Gravidade de betão,4.6,0,48,1631.2,0,1631.2,0,0,0,0,20,0,0,,,,N,Está ligada á B. da Lagoa Comprida pelo túnel dos Conchos
159,Crato,RIBEIRA DA RAIA OU DE SEDA,TEJO,PORTALEGRE,CRATO,CRATO E MÁRTIRES,216.1,216.1,733,349,219,0,5.8,23.9,0.8,726,0,0,0,0,0,0,0,249624,254910,-7.558142427,39.26071947,0,,,Terra,56,0,0,0,0,248,0,0,0,0,0,0,0,,,,N,
229,Crato (Nascentes),RIBEIRA DA SEPELHEIRA,TEJO,PORTALEGRE,CRATO,MONTE DA PEDRA,1.06,1.07,312,293,272,0,3.2,1.4,1.5,777,0,0,0,0,0,0,0,237683,262136,-7.696085932,39.326403652,1965,,,Terra,7,0,235,0,0,283.5,283.9,0,0,0,0,0,0,,18K/02A,,N,
76,Crestuma-Lever,RIO DOURO,DOURO,PORTO,GONDOMAR,FOZ DO SOUSA,96932.81,500.49,1095,280,0,0,20.2,52.5,1.1,1596,0,0,0,0,0,0,0,170273,456035,-8.486824008,41.072885802,1985,EDP - Gestão da Produção de Energia S.A. Direcção da Produção Hidraúlica,"ELECTRICIDADE DE PORTUGAL, S.A.",Gravidade de betão,65,0,470,25.5,8.2,13.2,21.5,11.5,4,12.3,1298,0,0,,07G/01A,S,N,
160,Daivões (prevista),RIO TÂMEGA,DOURO,BRAGA,CABECEIRAS DE BASTO,CAVEZ,1973.4,112.13,1187,548,178,0,26.4,23,2.6,1562,0,0,0,0,0,0,0,222503,506269,-7.863508342,41.525424798,0,,,Gravidade de betão,0,186,0,0,0,231,233,226,0,0,0,0,0,,,,N,
161,Daroeira,RIBEIRA DA MESSEJANA OU DE ALAMO,SADO,SETÚBAL,SANTIAGO DO CACÉM,ALVALADE,30.13,30.14,252,143,75,0,4.6,15.7,1,561,0,0,0,0,0,0,0,183188,104352,-8.324252836,37.905711294,1953,SOCIEDADE AGRÍCOLA DA QUINTA DA FREIRIA,,Terra,0,16,483,106,7,103,0,0,0,3,105,0,0,,,,N,
40,Divor,RIO DIVÔR,TEJO,ÉVORA,ARRAIOLOS,IGREJINHA,42.38,42.39,368,296,246,0,3.9,10.5,0.8,649,0,0,0,0,0,0,0,218030,192578,-7.925834136,38.700487512,1965,ASSOCIAÇÃO DE BENEFICIÁRIOS DO DIVÔR,DIRECÇÃO-GERAL DOS SERVIÇOS HIDRÁULICOS,Terra,23,21,636,263.6,7,261.4,262.2,249.5,1.4,2.2,265,0,0,,21J/01A,N,N,
162,Drizes,RIO VOUGA,VOUGA/RIBEIRAS COSTEIRAS,VISEU,SÃO PEDRO DO SUL,VÁRZEA,631.64,365.87,1037,489,155,0,16.5,30.8,1.6,1562,0,0,0,0,0,0,0,205172,419227,-8.071878641,40.741971179,0,,,Blocos Betão,5,0,0,0,0,0,0,0,0,0,0,0,0,,,,N,
163,Enxoé,RIBEIRA DO ENXOÉ,GUADIANA,BEJA,SERPA,SERPA (SALVADOR),61.15,61.16,349,225,155,0,3.7,15.6,0.7,555,0,0,0,0,0,0,0,258667,114336,-7.465215446,37.993922415,1998,ASSOCIAÇÃO DE MUNICÍPIOS DO ENXOÉ,HIDROTÉCNICA-PORTUGUESA,Terra zonada,23,20.5,415,179,4,175,176.5,165.5,2.5,4,205,0,0,,26M/01A,,N,
164,Ermida,RIO AROUCE OU RIBEIRA DE SÃO JOÃO OU DA SARDEIRA,MONDEGO,COIMBRA,LOUSÃ,LOUSÃ,14.98,14.99,1199,751,308,0,38.2,5.5,15,1561,0,0,0,0,0,0,0,192024,347556,-8.226639641,40.096521293,0,,,,0,353,0,0,0,0,0,0,0,0,0,0,0,,13H/01AE,,N,O aproveitamento hidroeléctrico de Ermida é constituido por dois açudes nas Rib.ª de Candal e Sardeira. Ermida é  nome de central hidroeléctrica.
165,Ermidas,RIO SADO OU RIBEIRA GRANDE OU DE OURIQUE,SADO,SETÚBAL,SANTIAGO DO CACÉM,ERMIDAS-SADO,25.32,25.33,108,84,50,0,1.6,17.3,0.3,562,0,0,0,0,0,0,0,180114,114190,-8.359478318,37.994281589,0,,,,0,42,0,0,0,0,0,0,0,0,0,0,0,,,,N,
166,Escarigo,RIBEIRA DO ESCARIGO,TEJO,CASTELO BRANCO,FUNDÃO,ESCARIGO,3.16,3.17,726,624,532,0,12.1,2.4,4.8,873,0,0,0,0,0,0,0,272105,365706,-7.285557888,40.256915328,1992,,,Terra,0,547,0,0,0,537.5,538.25,530.6,0,0,0,0,0,,,,N,
167,Esperança,RIO AVE,AVE/LEÇA,BRAGA,PÓVOA DE LANHOSO,ESPERANÇA,123.12,2.27,514,337,225,0,22.5,2.6,6.4,2049,0,0,0,0,0,0,0,197951,511847,-8.157688172,41.575958953,0,,,,0,225,0,0,0,0,0,0,0,0,0,0,0,,,,N,Faz parte do aproveitamento hidroeléctrico em cascata do rio Ave
168,Estevais,,DOURO,BRAGANÇA,MOGADOURO,CASTELO BRANCO,42.62,42.63,899,674,497,0,12.7,13.4,2.5,767,0,0,0,0,0,0,0,313829,480753,-6.774291087,41.28798396,0,,,,0,499,0,0,0,555.5,557,0,0,0,0,0,0,,,,N,
47,Esteveinha (Alfândega da Fé),RIBEIRA DE SOEIMA,DOURO,BRAGANÇA,ALFÂNDEGA DA FÉ,ALFÂNDEGA DA FÉ,0.62,0.63,645,624,597,0,4.6,1.4,2,705,0,0,0,0,0,0,0,298507,489473,-6.955744911,41.368494717,1970,INAG I.P.,,Terra homogénea,27,25,750,628,6,625.5,625.7,0,0,0,22,0,0,,05P/01A,N,N,Também conhecida por  Barragem de Alfândega da Fé.
75,Fagilde,RIO DÃO,MONDEGO,VISEU,VISEU,POVOLIDE,426.75,426.75,980,586,302,0,11.2,44.1,1,1112,0,0,0,0,0,0,0,228743,407307,-7.793359034,40.634149485,1984,INAG I.P.,HIDROPROJECTO,Arco Abóboda,27,18.5,63.3,312.5,2,310,311.6,300,0.9,2.5,8,0,0,,10K/01A,N,N,
169,Fargela,RIBEIRA DA FARGELA,TEJO,ÉVORA,ARRAIOLOS,VIMIEIRO,27.2,27.21,403,285,222,0,5.9,8.1,1.2,595,0,0,0,0,0,0,0,228984,202257,-7.799510741,38.787384412,0,,,Terra,30,0,0,0,0,232,0,0,0,0,0,0,0,,,,N,
170,Feiticeiro,,DOURO,BRAGANÇA,TORRE DE MONCORVO,CABEÇA BOA,6.41,6.42,746,350,127,0,17.6,5.5,11,545,0,0,0,0,0,0,0,285781,471877,-7.110299066,41.211539425,0,,,Gravidade de betão,0,138,0,0,0,138.5,139.5,133.5,0,0,0,0,0,,,,N,
172,Fonte Longa,RIBEIRA DE CATALINO,DOURO,BRAGANÇA,CARRAZEDA DE ANSIÃES,FONTE LONGA,3.28,3.28,872,797,743,0,7.2,2.9,3.4,779,0,0,0,0,0,0,0,271481,473698,-7.280573799,41.229321385,1988,CAMARA MUNICIPAL DE CARRAZEDA DE ANSIÃES,HIDROPROJECTO,Terra,22,20,415,759.5,0,757.5,758,747.5,1.5,2.5,0,0,0,,06N/01A,,N,
60,Fonte Serne,BARRANCO DE BENATELAR,SADO,SETÚBAL,SANTIAGO DO CACÉM,SÃO DOMINGOS,31.45,31.46,146,100,70,0,2.5,11.5,0.5,716,0,0,0,0,0,0,0,167957,101708,-8.49731879,37.881481654,1979,ASSOCIAÇÃO DE REGANTES E BENEFICIÁRIOS DE CAMPILHAS E ALTO SADO,DIRECÇÃO-GERAL DOS SERVIÇOS HIDRÁULICOS,Terra zonada,17,16,324,81.4,7,78.5,79.55,73.45,1.85,2.9,105,0,0,,26G/01AE,N,N,
173,Foupana (prevista),RIBEIRA DA FOUPANA,GUADIANA,FARO,ALCOUTIM,ALCOUTIM,381.9,381.9,582,278,33,0,10.2,76.8,0.7,646,0,0,0,0,0,0,0,253700,46998,-7.526713459,37.387571498,0,,,,0,21,0,0,0,85.6,0,0,0,0,0,0,0,,,,N,
94,Foz Côa (não construída),RIO CÔA,DOURO,GUARDA,VILA NOVA DE FOZ CÔA,CASTELO MELHOR,2517.8,758.21,983,550,127,0,11.2,75.7,1,649,0,0,0,0,0,0,0,286268,456032,-7.106718351,41.0688377,0,,,Arco Abóboda,0,138,548,0,0,0,0,0,0,0,0,0,0,,07O/01AE,N,N,
174,Foz do Tua (prevista),RIO TUA,DOURO,VILA REAL,ALIJÓ,SÃO MAMEDE DE RIBATUA,3812.82,2581.17,1840,635,98,0,16.7,165.9,1,830,0,0,0,0,0,0,0,259543,474113,-7.422904558,41.234023151,0,,,Arco Abóboda,0,121,0,0,0,200,201,162,0,0,0,0,0,,,,S,
175,Fr. Joaquim,RIBEIRA DE TERA,TEJO,ÉVORA,ESTREMOZ,SÃO BENTO DO AMEIXIAL,127.91,127.92,650,355,239,0,9,18.7,1.3,650,0,0,0,0,0,0,0,240659,203228,-7.665081626,38.795674151,0,,,Terra,28,0,0,0,0,250,0,0,0,0,0,0,0,,,,N,
52,Fratel,RIO TEJO,TEJO,PORTALEGRE,NISA,AMIEIRA DO TEJO,59639.21,58934.08,2523,720,59,0,10.4,806.2,0.2,689,0,0,0,0,0,0,0,228404,286193,-7.802673439,39.543434238,1973,EDP - Gestão da Produção de Energia S.A. Direcção da Produção Hidraúlica,HIDRO-ELÉCTRICA DO ZÊZERE,Gravidade de betão,48,43,240,87,0,74,76,71,11,13,1000,0,0,,16K/02A,N,S,
26,Freigil,RIO CABRUM,DOURO,VISEU,RESENDE,FREIGIL,52.63,52.64,1358,933,314,0,17.1,17.6,5.8,2088,0,0,0,0,0,0,0,209633,455713,-8.018500181,41.070474655,1955,EDP - Gestão da Produção de Energia S.A. Direcção da Produção Hidraúlica,,Gravidade de betão,17,0,73,319.7,1.6,317,319.2,304,0.5,2.7,3.3,0,0,,07J/01AE,N,N,
176,Freita/Cefra,RIO DE OURO,DOURO,BRAGA,CABECEIRAS DE BASTO,REFOJOS DE BASTO,98.85,98.86,1179,665,263,0,20.3,18.4,4.2,2129,0,0,0,0,0,0,0,212670,504741,-7.981350066,41.511882412,0,,,Gravidade de betão,0,265,0,0,0,267.8,0,267.4,0,0,0,0,0,,,,N,
228,Freixeirinha,RIBEIRA DA FREIXEIRINHA,TEJO,ÉVORA,MONTEMOR-O-NOVO,LAVRE,38.5,38.51,277,195,119,0,3.8,14,1.1,704,0,0,0,0,0,0,0,185126,199394,-8.304224684,38.76194308,1995,JUNTA DE AGRICULTORES REGANTES DE LAVRE,JOSÉ MANUEL RAMALHO,Terra zonada,37,0,356,137,9,134,135.5,0,1.5,3,0,0,0,,,,N,
177,Fridão (prevista),RIO TÂMEGA,DOURO,PORTO,AMARANTE,FRIDÃO,2616.41,504.53,1283,556,96,0,20.3,52.4,2.2,1800,0,0,0,0,0,0,0,209228,483630,-8.022900397,41.321849178,0,,,Arco Abóboda,0,111,0,0,0,160,161,136,0,0,0,0,0,,,,N,
79,Fronhas,RIO ALVA OU RIBEIRA DA FERVENÇA,MONDEGO,COIMBRA,ARGANIL,POMBEIRO DA BEIRA,640.85,131.32,958,285,114,0,18.4,36.5,1.7,1170,0,0,0,0,0,0,0,197391,364180,-8.163770405,40.24626789,1985,EDP - Gestão da Produção de Energia S.A. Direcção da Produção Hidraúlica,"ELECTRICIDADE DE PORTUGAL, S.A.",Arco,62,0,250,140,0,134,140,117,0,5.9,535,0,0,,12I/01A,N,N,
85,Funcho,RIO ARADE,ARADE,FARO,SILVES,SILVES,212.59,212.6,533,223,70,0,15.4,41.7,0.8,744,0,0,0,0,0,0,0,177868,32998,-8.382584991,37.262716612,1993,INAG I.P.,COBA,Abóboda,48.8,46,165,99.8,0,96,96.8,65,3,3.8,360,0,0,,30G/01A,N,N,
31,Furadouro,RIBEIRA DA RAIA OU DE SEDA,TEJO,ÉVORA,MORA,MORA,3387.41,110.5,160,112,45,0,4.7,19.3,0.5,656,0,0,0,0,0,0,0,193445,222347,-8.20873318,38.968801342,1959,ASSOCIAÇÃO DE REGANTES E BENEFICIÁRIOS DO VALE DO SORRAIA,DIRECÇÃO-GERAL DOS SERVIÇOS HIDRÁULICOS,Terra homogénea,17,14,279,48.4,3.5,42.5,46.5,40,1.9,5.9,3.6,0,0,,20H/01AE,N,N,
215,Gafete,RIBEIRA DO VALE DO CASTELO,TEJO,PORTALEGRE,CRATO,GÁFETE,42.89,42.9,418,325,265,0,3,14.5,0.2,763,0,0,0,0,0,0,0,241630,269149,-7.649879056,39.389387446,1980,,,Terra,0,0,0,0,0,207,207.7,0,0,0,0,0,0,,17L/03A,,,
36,Gameiro,RIBEIRA DA RAIA OU DE SEDA,TEJO,ÉVORA,MORA,CABEÇÃO,3276.92,839.7,505,210,63,0,4.4,67.3,0.6,625,0,0,0,0,0,0,0,202024,220758,-8.109748029,38.954510744,1960,ASSOCIAÇÃO DE REGANTES E BENEFICIÁRIOS DO VALE DO SORRAIA,DIRECÇÃO-GERAL DOS SERVIÇOS HIDRÁULICOS,Gravidade de betão,20,16,293,68,4,62,65,58,3,6,7.2,0,0,,20I/01AE,N,N,
178,Gema,RIBEIRA DA GEMA,SADO,BEJA,ODEMIRA,COLOS,1.36,1.37,282,219,168,0,12.2,1.7,3.9,743,0,0,0,0,0,0,0,169645,82895,-8.477343255,37.712046982,0,,,,0,168,0,0,0,0,0,0,0,0,0,0,0,,,,N,
179,Giestal,RIO SELHO,AVE/LEÇA,BRAGA,GUIMARÃES,CANDOSO (SÃO MARTINHO),57.68,57.69,603,300,139,0,14.1,16.6,2.2,1748,0,0,0,0,0,0,0,182749,495707,-8.339503043,41.430455491,1941,,,,0,142,0,0,0,0,0,0,0,0,0,0,0,,,,N,
219,Gostei,,DOURO,BRAGANÇA,BRAGANÇA,GOSTEI,4.54,4.55,1089,909,748,0,16,3.8,8.1,1051,0,0,0,0,0,0,0,309224,536029,-6.819220799,41.786176016,1993,JUNTA DE AGRICULTORES DE GOSTEI,HIDROPROJECTO,Terra homogénea,35,33,238,759.65,8,758,758.65,736,1,1.65,14.9,0,0,,,,N,
180,Gralhas,RIBEIRA DAS ANDORINHAS,DOURO,BRAGANÇA,BRAGANÇA,FRANÇA,11.5,4.31,1530,1353,1199,0,10.6,5.8,5.3,1176,0,0,0,0,0,0,0,312443,554933,-6.776917729,41.955874676,1995,,,Gravidade de betão,0,923,0,0,0,0,0,0,0,0,0,0,0,,,,S,Faz parte do aproveitamento de fins méultiplos do Alto Sabor.
182,Grous,BARRANCO DAS VENDAS,GUADIANA,BEJA,BEJA,ALBERNOA,21.86,21.87,225,182,137,0,3.3,11.1,0.7,536,0,0,0,0,0,0,0,216271,101446,-7.948143791,37.879541715,1965,SOCIEDADE AGRÍCOLA DA HERDADE DOS GROUS,,Terra,0,18,0,0,0,0,0,0,0,0,0,0,0,,,,N,
181,Grândola,RIBEIRA DE GRÂNDOLA,SADO,SETÚBAL,GRÂNDOLA,GRÂNDOLA,8.94,8.95,99,82,55,0,2.3,5.2,0.7,642,0,0,0,0,0,0,0,167785,131916,-8.50063231,38.153618539,0,,,,0,108,0,0,0,0,0,0,0,0,0,0,0,,,,N,
5,Guilhofrei,RIO AVE,AVE,BRAGA,VIEIRA DO MINHO,GUILHOFREI,120.86,120.86,1257,613,309,0,19.9,17.1,4,2374,0,0,0,0,0,0,0,199621,512913,-8.137664886,41.585559428,1938,EDP - Gestão da Produção de Energia S.A. Direcção da Produção Hidraúlica,A STUCKY,Gravidade de betão,49,0,190,337,0,333.35,333.35,315,0,0,163,0,0,,04I/01AE,N,N,A sua central hidroeléctrica faz parte do aproveitamento hidroeléctrico em cascata do Rio Ave.
183,H. Facho I,BARRANCO DE JOAO BILHEIRO,GUADIANA,BEJA,SERPA,ALDEIA NOVA DE SÃO BENTO,13.18,13.18,266,235,198,0,3.2,6.7,0.7,555,0,0,0,0,0,0,0,259900,104789,-7.4519736,37.90783662,1954,MARIA LUÍSA AMORIM,,Terra,0,13,0,0,0,209,209.5,0,0,0,0,0,0,,,,N,
184,H. Facho II,,GUADIANA,BEJA,SERPA,ALDEIA NOVA DE SÃO BENTO,6.1,6.11,267,250,222,0,3.1,4.7,0.9,578,0,0,0,0,0,0,0,260952,104067,-7.440073177,37.901262584,1955,MARIA LUÍSA AMORIM,,Terra,18,18,0,0,0,228.5,229.1,0,0,0,0,0,0,,,,N,
185,Herdade Lagos I,BARRANCO DO VALE LARANJO,GUADIANA,BEJA,MÉRTOLA,ALCARIA RUIVA,6.81,6.82,241,178,142,0,3.2,5.7,1.3,500,0,0,0,0,0,0,0,222362,91492,-7.879217249,37.789733832,0,,,Terra,8,0,0,0,0,0,0,0,0,0,0,0,0,,,,N,
186,Herdade Lagos II,BARRANCO DO VALE LARANJO,GUADIANA,BEJA,MÉRTOLA,ALCARIA RUIVA,12.72,5.91,177,156,132,0,2.7,4.3,0.8,497,0,0,0,0,0,0,0,224169,92035,-7.858684842,37.794580038,0,,,Terra,8,0,0,0,0,0,0,0,0,0,0,0,0,,,,N,
233,Herdade Vale da Lameira (Part.),RIBEIRA DA URSA,SADO,ÉVORA,VIANA DO ALENTEJO,ALCÁÇOVAS,7.81,7.81,271,190,154,0,5.1,3.9,1.1,710,0,0,0,0,0,0,0,192843,154196,-8.214972873,38.354882098,0,,,,0,158,0,0,0,0,0,0,0,0,0,0,0,,,,N,
11,Idanha,RIO PÔNSUL,TEJO,CASTELO BRANCO,IDANHA-A-NOVA,IDANHA-A-NOVA,364.34,349.86,761,411,227,0,7.6,43,0.4,773,1,2,3,0,4,5,6,279627,331152,-7.201403355,39.94508524,1947,ASSOCIAÇÃO DE REGANTES E BENEFICIÁRIOS DE IDANHA-A-NOVA,JUNTA AUTONOMA DAS OBRAS DE HIDRÁULICA AGRICOLA,Gravidade de betão,51,44,143,258.5,5.2,255.5,258.5,228,0,3,678,0,0,,14N/01A,N,N,
227,Janeiro de Cima,RIO ZÊZERE,TEJO,CASTELO BRANCO,FUNDÃO,JANEIRO DE CIMA,1661.49,1568.48,1990,648,330,0,17.4,105.6,1.3,1135,0,0,0,0,0,0,0,229468,346371,-7.787597412,40.085373941,1995,,,,0,0,0,0,0,333,337.5,0,0,0,0,0,0,,,,,
32,Lagoa Comprida,RIBEIRA DA CANICA OU DA LAGOA OU DA PRAGUEIRA,MONDEGO,GUARDA,SEIA,SÃO ROMÃO,6.51,6.52,1875,1712,1579,0,15.4,4.5,5.2,1978,0,0,0,0,0,0,0,241099,377361,-7.649249984,40.363965223,1966,EDP - Gestão da Produção de Energia S.A. Direcção da Produção Hidraúlica,HIDRO-ELÉCTRICA DA SERRA DA ESTRELA,Gravidade de betão,29,28.24,1200,1600,0,1600,1601,1571,0,0,75,0,0,,11L/03AE,N,N,A albufeira desta barragem alimenta a central hidroeléctrica do Sabugueiro I do sistema produtor hidroeléctrico da Serra da Estrela.
90,Lagoacho,RIBEIRA DO COVAO DO URSO OU DA NAVE DESCIDA OU DAS NAVES,MONDEGO,GUARDA,SEIA,SABUGUEIRO,7.11,4.76,1718,1569,1420,0,19.3,3.6,7.2,1884,0,0,0,0,0,0,0,243545,379836,-7.620285521,40.386129014,1993,EDP - Gestão da Produção de Energia S.A. Direcção da Produção Hidraúlica,"ELECTRICIDADE DE PORTUGAL, S.A.",Enrocamento com cortina a montante,38,36,360,1439,6,1436.46,1437.85,1425,1.15,2.54,23.7,0,0,,11L/01AE,N,N,A  albufeira desta barragem alimenta a central hidroeléctrica do Sabugueiro II do sistema produtor hidroeléctrico da Serra da Estrela
187,Linhares,RIBEIRA DE LINHARES,DOURO,BRAGANÇA,CARRAZEDA DE ANSIÃES,LINHARES,26.96,23.69,879,740,593,0,9,12.2,1.9,752,0,0,0,0,0,0,0,265466,470752,-7.352622223,41.203305944,0,,,,0,593,0,0,0,570,570,560,0,0,0,0,0,,,,N,
72,Lucefecit,RIBEIRA LUCEFÉCIT,GUADIANA,ÉVORA,ALANDROAL,TERENA (SÃO PEDRO),253.84,253.85,646,310,171,0,7,34.1,0.9,653,0,0,0,0,0,0,0,263307,185625,-7.406016611,38.635780658,1982,ASSOCIAÇÃO DE BENEFICIÁRIOS DO LUCEFECIT,APAGEL,Terra zonada,23,0,285,185,8,182,183.5,170,1.5,3,169,0,0,,22M/01A,N,N,
126,Lutão,BARRANCO GRANDE,GUADIANA,FARO,ALCOUTIM,MARTIM LONGO,2.71,2.72,299,264,217,0,6,2.9,2.4,540,0,0,0,0,0,0,0,234422,55157,-7.744012417,37.461997854,0,,,Terra,14,0,0,0,0,0,0,0,0,0,0,0,0,,,,N,
6,Magos (Paúl Magos),RIBEIRA DE MAGOS,TEJO,SANTARÉM,SALVATERRA DE MAGOS,FOROS DE SALVATERRA,105.5,105.5,120,70,8,0,3.3,26.9,0.3,738,0,0,0,0,0,0,0,151706,225388,-8.690546049,38.994884332,1938,ASSOCIAÇÃO DE REGANTES E BENEFICIÁRIOS DO VALE DO SORRAIA,JUNTA AUTONOMA DAS OBRAS DE HIDRÁULICA AGRICOLA,Terra homogénea,17,15,400,23,5,16.68,16.78,10.4,0,0,124,0,0,,20E/01A,N,N,"NPA do projecto 1992 - 16.24; NMC-16.58; Capacidade 3032 dam3
"
29,Maranhão,RIBEIRA DA RAIA OU DE SEDA,TEJO,PORTALEGRE,AVIS,MARANHÃO,2282.09,2066,513,251,78,0,4.5,95,0.3,650,0,0,0,0,0,0,0,213617,227480,-7.975874643,39.014957252,1957,ASSOCIAÇÃO DE REGANTES E BENEFICIÁRIOS DO VALE DO SORRAIA,DIRECÇÃO-GERAL DOS SERVIÇOS HIDRÁULICOS,Terra zonada,55,49,204,133,10,130,130.13,85.47,2.87,3,1960,0,0,,19J/01A,N,N,
77,Meimoa,RIBEIRA DA MEIMOA,TEJO,CASTELO BRANCO,PENAMACOR,MEIMOA,60.27,60.28,1076,775,527,0,19.7,17.6,2.9,1014,0,0,0,0,0,0,0,284188,366228,-7.143479774,40.260489063,1985,INAG I.P.,COBA,Terra zonada,56,50,656,571.5,10,568.5,568.99,547,2.51,3,222,0,0,,12O/01A,N,N,Entidade exploradora-Associação de Regantes da Cova da Beira.
127,Mente,RIO MENTE,DOURO,BRAGANÇA,VINHAIS,VILAR DE LOMBA,292.3,292.31,1275,799,438,0,20.3,42.2,1.8,915,0,0,0,0,0,0,0,276991,541523,-7.206193629,41.839411258,0,,,Arco Abóboda,0,443,0,0,0,538,539,470,0,0,0,0,0,,,,S,
128,Minutos,RIO ALMANSOR OU RIBEIRA DE SANTO ESTEVÃO OU DE CANHA,TEJO,ÉVORA,MONTEMOR-O-NOVO,NOSSA SENHORA DA VILA,94.85,94.86,411,306,238,0,4,15.3,0.8,729,0,0,0,0,0,0,0,203092,187957,-8.097572087,38.659038424,2003,DIRECÇÃO GERAL DA AGRICULTURA E DESENVOLVIMENTO RURAL (DGADR),COBA,Terra homogénea,36,33.5,1293,267.5,8,264,265.5,245,1.96,3.5,530,0,0,,22I/01AE,,N,
37,Miranda,RIO DOURO,DOURO,BRAGANÇA,MIRANDA DO DOURO,MIRANDA DO DOURO,63665.11,63665.11,2506,961,481,0,7.9,549.3,0.2,611,0,0,0,0,0,0,0,356101,503880,-6.263942199,41.489049236,1961,EDP - Gestão da Produção de Energia S.A. Direcção da Produção Hidraúlica,HIDRO-ELÉCTRICA DO DOURO,Contrafortes,80,0,263,535,0,528.05,535,522,0,6.95,122,0,0,,05T/01A,N,S,
33,Montargil,RIO SÔR,TEJO,PORTALEGRE,PONTE DE SOR,MONTARGIL,1183.41,1138.37,339,195,61,0,4.9,86,0.3,737,0,0,0,0,0,0,0,196345,231711,-8.175321985,39.053165709,1958,ASSOCIAÇÃO DE REGANTES E BENEFICIÁRIOS DO VALE DO SORRAIA,DIRECÇÃO-GERAL DOS SERVIÇOS HIDRÁULICOS,Terra zonada,48,36,427,83,12,80,80.75,65.05,2.25,3,1495,0,0,,19H/01A,N,N,
131,Monte Clérigo,BARRANCO DOS TOUCINHOS,GUADIANA,BEJA,ALMODÔVAR,ALMODÔVAR,3.27,3.28,381,330,293,0,3.9,3.8,1.9,658,0,0,0,0,0,0,0,206397,58967,-8.060747562,37.496942887,0,,,Terra,10,0,0,0,0,296,296.4,0,0,0,0,0,0,,29I/01A,,N,
132,Monte Gato,RIBEIRA DA FERRARIA OU BARRANCO DO MONTE DO GATO,SADO,BEJA,OURIQUE,CONCEIÇÃO,6.45,6.46,243,207,172,0,3.7,4.2,1.2,561,0,0,0,0,0,0,0,190847,91577,-8.237002996,37.790725784,1991,ASSOCIAÇÃO DE REGANTES E BENEFICIÁRIOS DE CAMPILHAS E ALTO SADO,DGHEA,Terra,13,12.27,155,181,5,179.6,180.1,169.73,0.9,1.4,18,0,0,,27H/02AE,,N,
133,Monte Migueis,RIBEIRA DOS MIGUEIS,SADO,BEJA,OURIQUE,CONCEIÇÃO,12.7,12.7,248,193,144,0,3.9,8,1,562,0,0,0,0,0,0,0,188439,91395,-8.264338011,37.78905866,1991,ASSOCIAÇÃO DE REGANTES E BENEFICIÁRIOS DE CAMPILHAS E ALTO SADO,DGHEA,Terra,11,0,355,157.5,5,156,156.52,148.31,0.98,1.5,27,0,0,,27H/03AE,,N,
73,Monte Novo,RIO DEGEBE,GUADIANA,ÉVORA,ÉVORA,SÃO MANÇOS,261.39,261.4,355,254,177,72,3.2,37,0.4,582,0,0,0,44000,0,0,0,236905,171630,-7.709971344,38.511203036,1982,INAG I.P.,DIRECÇÃO-GERAL DOS RECURSOS E APROVEITAMENTOS HIDRÁULICOS,Gravidade de betão,30,28,160,199,6,196,196.8,183.5,2.2,3,277.4,0,0,,22K/01A,N,N,
134,Monte Redondo,RIO CEIRA,MONDEGO,COIMBRA,GÓIS,GÓIS,193.41,164.17,1267,678,250,0,34.1,37.3,2.1,1290,0,0,0,0,0,0,0,204027,351309,-8.08585957,40.130349257,1950,,,,0,264,0,0,0,0,0,0,0,0,0,0,0,,,,N,
49,Monte da Rocha,RIO SADO,SADO,BEJA,OURIQUE,PANÓIAS,244.93,244.93,268,193,119,0,4,25.1,0.4,592,0,0,0,0,0,0,0,186427,84666,-8.287053521,37.728405836,1972,ASSOCIAÇÃO DE REGANTES E BENEFICIÁRIOS DE CAMPILHAS E ALTO SADO,DIRECÇÃO-GERAL DOS SERVIÇOS HIDRÁULICOS,Terra zonada,55,51,2000,141.4,10,137,138.45,113.25,2.95,4.4,1100,0,0,,27H/01A,N,N,
129,Montezinho,RIO SABOR,DOURO,BRAGANÇA,BRAGANÇA,RABAL,74.97,54.45,1355,957,609,0,22,21,3.2,928,0,0,0,0,0,0,0,315065,545646,-6.747110954,41.87190996,1995,,,Gravidade de betão,0,717,0,0,0,0,0,0,0,0,0,0,0,,,,S,Faz parte do aproveitamento de fins múltiplos do Alto Sabôr
62,Morgavel,RIBEIRA DE MORGAVÉL,RIBEIRAS DO ALENTEJO,SETÚBAL,SINES,SINES,24.91,24.92,207,126,57,0,7.1,8.2,1.6,743,0,0,0,0,0,0,0,144751,103635,-8.761234719,37.897728975,1980,INAG I.P.,HIDROPROJECTO,Terra zonada,52,45,2700,70,0,68.3,0,52,0,0,340,0,0,,26E/01A,N,N,
130,Mourão,RIBEIRA DAS VINHAS,GUADIANA,ÉVORA,MOURÃO,MOURÃO,18.85,18.85,245,185,147,0,2.8,8.4,0.9,555,0,0,0,0,0,0,0,269634,159385,-7.33596664,38.398949802,1955,,,,0,149,0,0,0,0,0,0,0,0,0,0,0,,,,N,
216,Negrelinho,,TEJO,SANTARÉM,ABRANTES,MOURISCAS,0.03,0.04,205,198,188,0,5.4,0.2,0,0,0,0,0,0,0,0,0,203386,282194,-8.093731898,39.507877562,1976,,,Terra,17,0,700,0,0,202.5,0,0,0,0,0,0,0,,16I/02A,,,Também chamada de B. de Mouriscas
93,Odeleite,RIBEIRA DE ODELEITE,GUADIANA,FARO,CASTRO MARIM,ODELEITE,347.51,347.51,541,293,27,0,16.4,79.2,0.6,722,0,0,0,0,0,0,0,257309,40754,-7.486445891,37.331099795,1997,INAG I.P.,HIDROPROJECTO,Enrocamento com cortina a montante,65,50,350,55,12,52,52.9,22,0,3,720,0,0,,30L/01A,N,N,
149,Odelouca,RIBEIRA DE ODELOUCA,ARADE,FARO,MONCHIQUE,ALFERCE,0,0,0,0,0,0,0,0,0,0,0,0,0,0,0,0,0,169768,35865,-8.474016,37.288317,2009,ÁGUAS DO ALGARVE S.A.,COBA,Terra zonada,0,76,411,106,11,102,102.35,72,3.65,4,0,0,0,,30G/11AE,,N,Em 24/11/2009 deu-se iníçio ao enchimento até ao 1º patamar(cota75m) de acordo com o Plano do 1º Enchimento da Albufeira. Em 1/10/2010  iniciou a albufeira o seu enchimento até à  cota de 92m.
50,Odivelas,RIBEIRA DE ODIVELAS OU ORIOLA OU ALVITO,SADO,BEJA,FERREIRA DO ALENTEJO,ODIVELAS,431.88,221.11,333,179,85,0,3.8,33.2,0.6,622,0,0,0,0,0,0,0,201558,135311,-8.115309053,38.184779216,1972,ASSOCIAÇÃO DE BENEFICIÁRIOS DA OBRA DE REGA DE ODIVELAS,DIRECÇÃO-GERAL DOS SERVIÇOS HIDRÁULICOS,Abóbodas múltiplas,55,48,491.5,106,7.5,103,104.55,91.3,1.45,3,973,0,0,,24I/01A,N,N,
136,Oeiras,RIBEIRA DE OEIRAS,GUADIANA,BEJA,ALMODÔVAR,ALMODÔVAR,103.01,103.01,569,331,205,0,7.3,33.2,0.9,706,0,0,0,0,0,0,0,212112,64666,-7.99602684,37.548233281,0,,,Terra,27,0,0,0,0,238.4,241,227.3,0,0,0,0,0,,,,N,
137,Olo,RIO OLO,DOURO,PORTO,AMARANTE,FRIDÃO,123.71,123.72,1317,739,128,0,27.7,36.5,3.1,1933,0,0,0,0,0,0,0,210988,482117,-8.001906632,41.308204202,1949,,,Gravidade de betão,0,154,0,0,0,105,0,0,0,0,0,0,0,,,,N,
138,Padrastos,RIO CAIMA,VOUGA/RIBEIRAS COSTEIRAS,AVEIRO,VALE DE CAMBRA,ROGE,39.62,24.81,1054,671,339,0,22.4,10.8,6.2,2180,0,0,0,0,0,0,0,181554,431392,-8.351861573,40.851322347,1965,,,,0,350,0,0,0,0,0,0,0,0,0,0,0,,,,N,
139,Padroselos (prevista),RIO BEÇA,DOURO,VILA REAL,RIBEIRA DE PENA,SANTA MARINHA,314.71,314.72,1271,832,364,0,17.4,46.3,1.4,1603,0,0,0,0,0,0,0,226822,511489,-7.81153027,41.572290427,0,,,Arco Abóboda,87,0,0,0,0,430,431,419,0,0,0,0,0,,,,N,
140,Palameiro,RIBEIRA DAS TABUAS,DOURO,BRAGANÇA,TORRE DE MONCORVO,CASTEDO,2.53,2.53,745,704,637,0,6.7,2.6,4,692,0,0,0,0,0,0,0,280213,473790,-7.176429655,41.229332121,1992,CAMARA MUNICIPAL DE TORRE DE MONCORVO,,Terra,20,0,0,0,0,643.15,644,632,0,0,0,0,0,,,,N,
141,Parada Monte,RIO MOURO,MINHO/ÂNCORA,VIANA DO CASTELO,MELGAÇO,PARADA DO MONTE,26.8,26.81,1270,975,643,0,23.4,9.5,5.5,2444,0,0,0,0,0,0,0,191151,563793,-8.240002185,42.043593431,0,,,Gravidade de betão,0,647,0,0,0,0,0,0,0,0,0,0,0,,,,N,
34,Paradela,RIO CÁVADO,CÁVADO/RIBEIRAS COSTEIRAS,VILA REAL,MONTALEGRE,PARADELA,216.9,117.75,1516,1071,677,0,19.1,17.4,3.6,2141,0,0,0,0,0,0,0,215218,533071,-7.950110921,41.766906241,1956,EDP - Gestão da Produção de Energia S.A. Direcção da Produção Hidraúlica,HIDRO-ELÉCTRICA DO CÁVADO,Enrocamento com cortina a montante,112,110,540,743.5,0,740,741.6,668,1.9,3.5,380,0,0,,03J/01A,N,S,
142,Pardiela,RIBEIRA DA PARDIELA,GUADIANA,ÉVORA,REDONDO,REDONDO,3.3,3.31,261,223,199,0,3.8,3.8,1.2,570,0,0,0,0,0,0,0,240162,176488,-7.672351596,38.554823544,0,,,Terra,27,0,0,0,0,0,0,0,0,0,0,0,0,,,,N,
218,Patudos,VALA DE ALPIARÇA OU DO PAÚL OU RIBEIRA DE ULME,TEJO,SANTARÉM,ALPIARÇA,ALPIARÇA,6.65,6.65,206,109,25,0,6.4,5.3,0.4,772,0,0,0,0,0,0,0,160604,253396,-8.589464748,39.247600671,1984,CÂMARA MUNICIPAL DE ALPIARÇA,GABINETE DE APOIO TÉCNICO DE SANTARÉM,Terra,0,0,0,14.6,0,12.7,13.5,6.7,1.1,1.9,0,0,0,,18F/03A,,,"Também conhecida  por Barragem de Alpiarça.Vale de Tejeiros é o nome do curso de água aonde está situada a  B. dos Patudos ,afluente da Vala de Alpiarça."
53,Peneireiro,RIBEIRA DO ARCO,DOURO,BRAGANÇA,VILA FLOR,VILA FLOR,1.54,1.54,723,665,613,53.5,8.2,2.2,3.4,687,0,0,0,475,0,0,0,280322,481134,-7.174163649,41.295438166,1973,CAMARA MUNICIPAL DE VILA FLÔR,HIDROPROJECTO,Terra zonada,15,13,693,622.8,4,621.2,621.8,611.5,1,1.6,14,0,0,,06O/01A,N,N,
63,Penha Garcia,RIO PÔNSUL,TEJO,CASTELO BRANCO,IDANHA-A-NOVA,PENHA GARCIA,14.48,14.49,736,605,516,0,14.6,6.1,2.5,941,0,0,0,0,0,0,0,295386,342481,-7.015379199,40.045468454,1978,,DIRECÇÃO-GERAL DOS RECURSOS E APROVEITAMENTOS HIDRÁULICOS,Gravidade de betão,25,21.5,112,519,2,516,517.65,506,2.65,3,20.4,0,0,,13O/01A,N,N,
113,Tourega,RIBEIRA DE VALVERDE OU DE S. MATIAS,SADO,ÉVORA,ÉVORA,NOSSA SENHORA DA TOUREGA,86.82,86.82,414,292,167,0,5.5,22.9,0.8,717,0,0,0,0,0,0,0,208506,170271,-8.035586552,38.499682917,1953,,,,0,182,0,0,0,0,0,0,0,0,0,0,0,,,,N,
15,Penide,RIO CÁVADO,CÁVADO/RIBEIRAS COSTEIRAS,BRAGA,BARCELOS,AREIAS,1318.27,344.26,1182,251,13,0,15.9,48,1.7,2063,0,0,0,0,0,0,0,166296,508995,-8.537080799,41.549571699,1951,EDP - Gestão da Produção de Energia S.A. Direcção da Produção Hidraúlica,A STUCKY,Alvenaria,21,20,51,24,0,16.7,20,0,4,7.3,69,0,0,,04F/01A,S,N,
145,Pereiro,BARRANCO DOS LADROES,GUADIANA,FARO,ALCOUTIM,PEREIRO,1.04,1.04,270,256,243,0,3.1,1.6,0.8,597,0,0,0,0,0,0,0,247955,53225,-7.591178715,37.443989325,0,,,Terra,13,0,0,0,0,0,0,0,0,0,0,0,0,,,,N,
146,Perna Seca,RIBEIRA DA PERNA SECA,MIRA,BEJA,ALMODÔVAR,ALDEIA DOS FERNANDES,26.21,26.21,343,276,226,0,3,15.9,0.7,650,0,0,0,0,0,0,0,194826,67623,-8.191658118,37.574939618,0,,,,0,223,0,0,0,0,0,0,0,0,0,0,0,,,,N,
147,Pero Martins,RIO CÔA,DOURO,GUARDA,FIGUEIRA DE CASTELO RODRIGO,ALGODRES,1759.6,586.69,972,665,189,0,9.6,82.4,0.9,681,0,0,0,0,0,0,0,287067,442603,-7.099104288,40.947851021,0,,,Arco Abóboda,145,0,0,0,0,380,381,353,0,0,0,0,0,,,,N,
35,Picote,RIO DOURO,DOURO,BRAGANÇA,MIRANDA DO DOURO,PICOTE,64018.94,353.83,891,736,458,0,6.3,40.2,1,654,0,0,0,0,0,0,0,349014,491630,-6.351779044,41.380152875,1958,EDP - Gestão da Produção de Energia S.A. Direcção da Produção Hidraúlica,HIDRO-ELÉCTRICA DO DOURO / HIDRO-ELÉCTRICA DO ZÊZERE,Arco,100,0,139,480,3.45,471,480,465,0,9,244,0,0,,05S/01A,N,S,
43,Pisco,RIO RAMALHOSO,TEJO,CASTELO BRANCO,CASTELO BRANCO,SÃO VICENTE DA BEIRA,14.14,14.14,1082,671,492,0,16.2,7.7,6.8,1170,0,0,0,0,0,0,0,249216,339404,-7.556591477,40.02171154,1968,SERVIÇOS MUNICIPALIZADOS DE CASTELO BRANCO,ENGº ALBERTO VILAÇA,Terra homogénea,24.5,23.2,260,500.9,8,498.7,499.7,485.5,1.2,2.2,19.8,0,0,,13L/02A,N,N,
74,Pocinho,RIO DOURO,DOURO,BRAGANÇA,TORRE DE MONCORVO,AÇOREIRA,81258.21,14424.12,2533,872,104,0,7.8,349.2,0.4,651,0,0,0,0,0,0,0,285545,463397,-7.114295478,41.135220512,1982,EDP - Gestão da Produção de Energia S.A. Direcção da Produção Hidraúlica,"ELECTRICIDADE DE PORTUGAL, S.A.",Gravidade de betão,49,0,430,139,6.4,125.5,134.5,124,4.5,3.5,829,0,0,,07O/02A,S,S,
4,Poio,RIBEIRA DE NISA,TEJO,PORTALEGRE,NISA,ESPÍRITO SANTO,165.79,15.97,356,314,266,0,5.2,7.8,0.7,719,0,0,0,0,0,0,0,247383,283239,-7.582105219,39.515993123,1932,EDP - Gestão da Produção de Energia S.A. Direcção da Produção Hidraúlica,HIDRO-ELÉCTRICA DO ALTO ALENTEJO,Gravidade de betão,18,15,278,0,0,0,0,0,0,0,110,0,0,,16L/01AE,N,N,
150,Portela,RIO PAIVA,DOURO,VISEU,CASTRO DAIRE,MÕES,223.92,223.92,1014,808,527,0,8,34.2,1.3,1486,0,0,0,0,0,0,0,222827,432506,-7.862370679,40.861245815,0,,,Arco Abóboda,105,0,0,0,0,610,610,577,0,0,0,0,0,,,,N,
16,Pracana,RIO OCREZA,TEJO,SANTARÉM,MAÇÃO,ENVENDOS,1413.43,444.24,955,323,93,0,13,45.8,1.7,1006,0,0,0,0,0,0,0,227591,288589,-7.812031778,39.565040586,1950,EDP - Gestão da Produção de Energia S.A. Direcção da Produção Hidraúlica,A STUCKY,Contrafortes,60,0,245.5,115,0,114,114.2,85,0.8,1,550,0,0,,16K/01A,N,N,
12,Pêgo do Altar,RIBEIRA DE ALCÁÇOVAS,SADO,SETÚBAL,ALCÁCER DO SAL,SANTA SUSANA,748.85,662.04,437,196,27,0,4.9,63.1,0.5,722,0,0,0,0,0,0,0,177388,161309,-8.39201381,38.418701966,1949,ASSOCIAÇÃO DE BENEFICIÁRIOS DO VALE DO SADO,JUNTA AUTONOMA DAS OBRAS DE HIDRÁULICA AGRICOLA,Enrocamento com cortina a montante,63,43.5,192,56,5,52.26,52.26,15,3.74,3.74,655,0,0,,23G/01A,N,N,
3,Póvoa,RIBEIRA DE NISA,TEJO,PORTALEGRE,CASTELO DE VIDE,SANTIAGO MAIOR,149.82,149.82,974,441,297,0,8.1,30.9,1.8,802,0,0,0,0,0,0,0,249710,278916,-7.555368864,39.476927164,1928,EDP - Gestão da Produção de Energia S.A. Direcção da Produção Hidraúlica,HIDRO-ELÉCTRICA DO ALTO ALENTEJO,Arco Gravidade,32,28.5,400,313.5,0,311.45,313,0,0.5,1.5,236,0,0,,17L/01A,N,N,
152,Queimadela,RIO VIZELA,AVE/LEÇA,BRAGA,FAFE,REVELHE,26.09,26.09,885,656,379,0,16.2,10,4.7,2285,0,0,0,0,0,0,0,197466,503771,-8.163468839,41.503243974,1993,ÁGUAS DO AVE S.A.,,Gravidade de betão,0,21,95.5,389.5,0,386,388.5,0,1,3.5,11,0,0,,,,N,
151,Quinta das Laranjeiras (não construída),RIO SABOR,DOURO,BRAGANÇA,TORRE DE MONCORVO,TORRE DE MONCORVO,3487.51,1053.43,1175,559,114,0,16.7,99.3,0.8,748,0,0,0,0,0,0,0,290023,471545,-7.059776316,41.208090531,0,,,Arco Abóboda,116,0,0,0,0,230,231.4,206,0,0,0,0,0,,,,N,
153,Racheiro,RIBEIRA DE NISA,TEJO,PORTALEGRE,NISA,NOSSA SENHORA DA GRAÇA,205.98,40.19,370,286,200,0,6.1,13.1,1.2,715,0,0,0,0,0,0,0,244669,285791,-7.613492816,39.539122709,0,,,Gravidade de betão,0,159,0,0,0,196,0,0,0,0,0,0,0,,,,N,
67,Raiva,RIO MONDEGO,MONDEGO,COIMBRA,PENACOVA,PENACOVA,3294.35,225.27,773,248,22,0,15.9,38.9,1.6,1434,0,0,0,0,0,0,0,190152,371229,-8.248956306,40.309694305,1981,EDP - Gestão da Produção de Energia S.A. Direcção da Produção Hidraúlica,"ELECTRICIDADE DE PORTUGAL, S.A.",Gravidade de betão,36,34,200,64.5,0,61.5,0,55.85,0,3,230,0,0,,12H/01A,N,N,
80,Ranhados,RIO TORTO 1,DOURO,GUARDA,MÊDA,RANHADOS,46.19,46.2,986,843,712,0,7.4,17.6,1.2,813,0,0,0,0,0,0,0,267121,449098,-7.335254509,41.008209517,1986,ASSOCIAÇÃO DE MUNICÍPIOS DO RIO TORTO,DIRECÇÃO-GERAL DOS RECURSOS E APROVEITAMENTOS HIDRÁULICOS,Gravidade de betão,41.4,38.4,292,719,3,716,717.4,701.5,1.6,3,17.8,0,0,,07M/01A,N,N,
234,Rasquinha (Part.),RIBEIRA DA BALSA,SADO,ÉVORA,PORTEL,SANTANA,21.8,21.81,393,292,212,0,6.6,8.4,1.7,653,0,0,0,0,0,0,0,229955,148024,-7.790656235,38.298811228,0,,,,0,229,0,0,0,0,0,0,0,0,0,0,0,,,,N,
96,Rebordelo,RIBEIRA DO CANTO,DOURO,BRAGANÇA,VINHAIS,REBORDELO,857.76,565.46,1658,858,371,0,18,60,1.6,999,0,0,0,0,0,0,0,279550,532270,-7.176627384,41.755863189,2004,,COBA,Arco Gravidade,35.5,0,127,387.5,0,380,386,378.5,1.5,7.5,46,0,0,,,,S,
98,Riba Côa,RIO CÔA,DOURO,GUARDA,ALMEIDA,ALMEIDA,1005.39,874.46,1145,796,547,0,7.3,58.7,0.7,848,0,0,0,0,0,0,0,301625,415070,-6.930730042,40.698297995,0,,,,4,0,0,0,0,0,0,0,0,0,6,0,0,,,,S,
44,Rio da Mula,RIBEIRA DAS VINHAS,RIBEIRAS DO OESTE,LISBOA,CASCAIS,ALCABIDECHE,3.17,3.17,489,315,153,0,21.4,3,8.2,908,0,0,0,0,0,0,0,87968,200411,-9.422064479,38.764116506,1969,ÁGUAS DE CASCAIS S.A.,ENGº RESSANO GARCIA,Mistas de betão e aterro,22,18,192,149.6,2.5,149,149.6,0,0,0,4.5,0,0,,21A/01A,N,N,
45,Roxo,RIBEIRA DO ROXO OU DE SANTA VITÓRIA,SADO,BEJA,ALJUSTREL,ERVIDEL,351.1,351.1,293,177,109,0,2.9,33.3,0.3,559,0,0,0,0,0,0,0,204501,106988,-8.081894325,37.929604974,1967,ASSOCIAÇÃO DE BENEFICIÁRIOS DO ROXO,DIRECÇÃO-GERAL DOS SERVIÇOS HIDRÁULICOS,Contrafortes,49,34,847,139.5,5.5,136,137,122,2.5,3.5,1378,0,0,,26I/01A,N,N,
100,Ruães,RIO CÁVADO,CÁVADO/RIBEIRAS COSTEIRAS,BRAGA,VILA VERDE,CABANELAS,915.49,140.83,948,258,18,0,17.7,27.5,3.2,2014,0,0,0,0,0,0,0,171072,512937,-8.480034341,41.585252289,1928,,,,0,22,0,0,0,0,0,0,0,0,0,0,0,,05G/01AE,,N,
154,Rãs,RIO DO BARREIRO OU DE CASTELOES,MONDEGO,VISEU,TONDELA,BARREIRO DE BESTEIROS,38.71,38.72,1045,492,176,0,19.9,11.5,6.8,1974,0,0,0,0,0,0,0,198189,393316,-8.154476787,40.508653906,1973,,,,8,0,0,0,0,0,0,0,0,0,0,0,0,,,,N,Faz parte do aproveitamento hidroeléctrico do Figueiral
54,Régua,RIO DOURO,DOURO,VILA REAL,PESO DA RÉGUA,CANELAS,91030.39,1136.47,1125,587,47,0,20.4,63.1,1.3,901,0,0,0,0,0,0,0,233014,464195,-7.739858845,41.146236682,1973,EDP - Gestão da Produção de Energia S.A. Direcção da Produção Hidraúlica,HIDRO-ELÉCTRICA DO DOURO,Gravidade de betão,41,0,350,81,6,73.5,81,72,0,7.5,850,0,0,,07K/01A,S,N,
235,S. Brissos 1 (Part.),RIBEIRA DO XARRAMA,SADO,ÉVORA,VIANA DO ALENTEJO,ALCÁÇOVAS,423.76,423.76,380,221,142,0,2.8,58.4,0.3,657,0,0,0,0,0,0,0,198263,151388,-8.152958172,38.329612975,0,,,,0,143,0,0,0,0,0,0,0,0,0,0,0,,,,N,
91,S. Domingos,RIO DE SÃO DOMINGOS,RIBEIRAS DO OESTE,LEIRIA,PENICHE,ATOUGUIA DA BALEIA,39.43,39.44,204,108,30,0,5.4,11.8,1.3,781,0,0,0,0,0,0,0,97878,263629,-9.317546082,39.334637334,1993,CAMARA MUNICIPAL DE PENICHE,COBA,Enrocamento com núcleo,39,33,280,46,8,42.5,44.76,22,1.24,3.5,96,0,0,,17B/01A,N,N,
101,Sabugal,RIO CÔA,DOURO,GUARDA,SABUGAL,SABUGAL,130.92,130.93,1252,917,757,0,10.1,33,1.3,1147,0,0,0,0,0,0,0,288500,374676,-7.091633279,40.336111646,2000,DIRECÇÃO GERAL DA AGRICULTURA E DESENVOLVIMENTO RURAL (DGADR),COBA,Terra,58.5,56.5,1005,794,0,790,791.81,774,2.19,4,732,0,0,,,,S,
217,Sabugueiro,RIBEIRA DA LAGE,TEJO,ÉVORA,MONTEMOR-O-NOVO,NOSSA SENHORA DA VILA,0.65,0.65,302,259,248,0,5.9,2.9,2.4,788,0,0,0,0,0,0,0,188985,184077,-8.259576506,38.624022941,0,,,Terra,6,0,0,0,0,0,0,0,0,0,0,0,0,,,,,
239,Sabugueiro (Arraiolos),RIBEIRA DA NEGRAXA,TEJO,ÉVORA,ARRAIOLOS,SABUGUEIRO,6.49,6.49,0,0,216,0,0,0,0,0,0,0,0,0,0,0,0,201299,199106,-8.118151252,38.759473936,0,,,Terra,6,0,0,0,0,0,0,0,0,0,0,0,0,,,,,Fornece água à freguesia. Barragem de terra armazena água da chuva sem linha de água específica. Tem um poço onde se faz o tratamento de água com um filtro de areia.
20,Salamonde,RIO CÁVADO,CÁVADO/RIBEIRAS COSTEIRAS,BRAGA,VIEIRA DO MINHO,SALAMONDE,615.05,158.8,1520,785,239,0,26.8,23.6,3.6,2437,0,0,0,0,0,0,0,203461,524675,-8.091547753,41.691451479,1953,EDP - Gestão da Produção de Energia S.A. Direcção da Produção Hidraúlica,"A COYNE, J BELLIER",Arco Abóboda,75,0,284,281,0,280,280.5,240,0.5,1,242,0,0,,03I/01A,N,S,
56,Salgueiro,RIBEIRA DE VILARICA,DOURO,BRAGANÇA,ALFÂNDEGA DA FÉ,VILARELHOS,4.01,4.01,478,303,194,0,9.7,5.4,4.5,566,0,0,0,0,0,0,0,290360,485648,-7.053670659,41.335015135,1977,DIRECÇÃO REGIONAL DE AGRICULTURA DE TRÁS-OS-MONTES,HIDROPROJECTO,Terra homogénea,28,25,221,223.5,8,222,222.5,204.5,1,1.5,22,0,0,,06O/02A,N,N,
102,Sampaio,RIO SABOR,DOURO,BRAGANÇA,MOGADOURO,AZINHOSO,2285.32,2179.67,1379,723,254,0,13.8,89.5,0.9,767,0,0,0,0,0,0,0,320907,498191,-6.6863511,41.443916912,0,,,Arco Abóboda,147,0,0,0,0,377,378,336,0,0,0,0,0,,,,S,
46,Santa Clara,RIO MIRA,MIRA,BEJA,ODEMIRA,SANTA CLARA-A-VELHA,522.6,496.4,550,243,88,0,10.1,64.1,0.5,719,0,0,0,0,0,0,0,172751,60805,-8.441294976,37.513121619,1968,ASSOCIAÇÃO DE BENEFICIÁRIOS DO MIRA,JUNTA AUTONOMA DAS OBRAS DE HIDRÁULICA AGRICOLA,Terra zonada,87,83,428,135,10,130,132,114.75,3,5,1986,0,0,,28G/01A,N,N,
68,Santa Maria de Aguiar,RIBEIRA DE AGUIAR,DOURO,GUARDA,FIGUEIRA DE CASTELO RODRIGO,CASTELO RODRIGO,128.32,128.33,808,712,606,0,3.9,32.2,0.6,621,0,0,0,0,0,0,0,304827,433561,-6.889754507,40.864367094,1981,CÂMARA MUNICIPAL DE FIGUEIRA DE CASTELO RODRIGO,TECNIAGRA,Terra homogénea,20,0,450,624,6,620,621.28,612,2.72,4,110,0,0,,08P/01A,N,N,
103,Santarém,RIO TEJO,TEJO,SANTARÉM,CHAMUSCA,VALE DE CAVALOS,67945.41,427.73,654,78,0,0,5.7,40.7,0.3,793,0,0,0,0,0,0,0,161866,260436,-8.575248332,39.311068073,0,,,Gravidade de betão,0,10,0,0,0,18,0,0,0,0,0,0,0,,,N,N,
104,Sela,RIO MINHO,MINHO/ÂNCORA,VIANA DO CASTELO,MELGAÇO,PRADO,15241.21,15241.22,2150,769,33,0,20.1,311.1,0.6,1972,0,0,0,0,0,0,0,188739,572594,-8.269304272,42.122795899,0,,,Gravidade de betão,0,37,0,0,0,40,41,39,0,0,0,0,0,,,N,S,
95,Serra Serrada,RIBEIRA DAS ANDORINHAS,DOURO,BRAGANÇA,BRAGANÇA,FRANÇA,7.19,7.2,1554,1345,1237,65,10.3,5.9,5,1142,0,0,0,7350,0,0,0,312824,555538,-6.772207816,41.961265612,1989,CAMARA MUNICIPAL DE BRAGANÇA,HIDROTÉCNICA-PORTUGUESA,Gravidade de betão,25,20,170,1253.5,2,1252,1252.5,1241.5,1,1.5,25,0,0,,02Q/01A,N,S,Faz parte do aproveitamento de fins multiplos do Alto Sabor
105,Sordo,RIO SORDO,DOURO,VILA REAL,VILA REAL,TORGUEDA,45.35,45.36,1315,852,514,0,19.4,15.3,4.8,2099,0,0,0,0,0,0,0,228856,477886,-7.788742687,41.269668917,1997,CÂMARA MUNICIPAL DE VILA REAL,TECNOPOR,Gravidade de betão,36,33,108,527,6,522.5,525.5,507,1.5,4.5,8.4,0,0,,06K/01A,,N,Dono de Obra-C.M. de Sta Marta de Penaguião
106,Srª Monforte,RIO CÔA,DOURO,GUARDA,PINHEL,VALE DE MADEIRA,1133.35,127.96,819,659,439,0,9.8,28.4,1.3,596,0,0,0,0,0,0,0,294019,426581,-7.018976363,40.802835496,1993,,,Gravidade de betão,20,18,78,440,1,435,439.9,433,0.1,5,2.3,0,0,,,,N,
8,Sta. Luzia,RIBEIRA DE UNHAIS OU PAMPILHOSA,TEJO,COIMBRA,PAMPILHOSA DA SERRA,VIDUAL,49.37,49.38,1398,836,604,0,24.5,14.7,4.6,1321,0,0,0,0,0,0,0,223448,346830,-7.858163796,40.089696285,1942,EDP - Gestão da Produção de Energia S.A. Direcção da Produção Hidraúlica,A COYNE,Arco,76,0,115,0,0,655.6,655.88,620,0,0,246,0,0,,13J/01A,N,N,
81,Sta. Águeda (Marateca),RIO OCREZA,TEJO,CASTELO BRANCO,CASTELO BRANCO,PÓVOA DE RIO DE MOINHOS,61.4,61.4,1205,505,369,0,8.3,16.7,4.8,1087,0,0,0,0,0,0,0,255712,333572,-7.481001209,39.968788305,1991,INAG I.P.,"PROCESL, LDA.",Terra homogénea,25,24,1054,387.9,7.6,385,385.5,374.5,2.4,2.9,634,0,0,,14M/01A,N,N,
107,Sumidouro,RIO BUGIO,AVE/LEÇA,BRAGA,FAFE,SILVARES (SÃO MARTINHO),38.71,38.71,825,587,310,0,12.2,13.8,3,2053,0,0,0,0,0,0,0,196189,492034,-8.178688498,41.397561252,1972,,,,0,310,0,0,0,0,0,0,0,0,0,0,0,,,,N,
108,Tapada Grande,RIBEIRA DA TAPADA GRANDE,GUADIANA,BEJA,MÉRTOLA,SANTANA DE CAMBAS,32.66,32.67,239,180,128,0,4.4,10.4,0.8,526,0,0,0,0,0,0,0,255228,78270,-7.507112323,37.669222953,1882,,,Mistas de betão e aterro,0,18,425,0,0,0,0,0,0,0,0,0,0,,27L/01A,,N,
109,Tapada Pequena,RIBEIRA DA TAPADA GRANDE,GUADIANA,BEJA,MÉRTOLA,CORTE DO PINTO,2.61,2.62,188,165,141,0,3.3,3,1.3,535,0,0,0,0,0,0,0,256314,78644,-7.494775025,37.672526455,1884,,,Terra,15,0,0,0,0,0,0,0,0,0,29,0,0,,,,N,
110,Teja,RIBEIRA DE TEJA,DOURO,GUARDA,MÊDA,CASTEIÇÃO,34.16,34.16,973,799,685,0,10.1,8.8,1.5,852,0,0,0,0,0,0,0,266747,434583,-7.341261144,40.877550901,1995,ÁGUAS DA TEJA S.A.,,Terra zonada,18,16,177,692,6,689.5,690.74,680,1.26,2.5,0,0,0,,,,N,
111,Terragido,RIO CORGO,DOURO,VILA REAL,VILA REAL,PARADA DE CUNHOS,231.73,113.72,1318,665,309,0,15.8,17.2,3.3,1548,0,0,0,0,0,0,0,231942,479712,-7.751818869,41.28599414,1993,,,Gravidade de betão,15,0,0,0,0,63.5,0,0,0,0,420,0,0,,,,N,
112,Torres,RIBEIRA DA AZAMBUJA,GUADIANA,ÉVORA,ÉVORA,TORRE DE COELHEIROS,22.96,22.96,278,245,217,0,2.2,8.9,0.6,606,0,0,0,0,0,0,0,223861,170604,-7.859556184,38.502404675,0,,,,0,222,0,0,0,0,0,0,0,0,0,0,0,,,,N,
82,Torrão,RIO TÂMEGA,DOURO,PORTO,MARCO DE CANAVESES,ALPENDURADA E MATOS,3268.28,528.15,1336,384,48,0,18.7,53.6,1.3,1574,0,0,0,0,0,0,0,189226,458675,-8.261357767,41.097129994,1988,EDP - Gestão da Produção de Energia S.A. Direcção da Produção Hidraúlica,"ELECTRICIDADE DE PORTUGAL, S.A.",Gravidade de betão,69,0,218,69,8.35,65,69,49,0,0,650,0,0,,07H/01A,N,N,
61,Touliça,RIBEIRA DA TOULICA,TEJO,CASTELO BRANCO,IDANHA-A-NOVA,ZEBREIRA,26.2,26.2,402,341,278,0,4.3,10.2,1.1,577,0,0,0,0,0,0,0,290426,323313,-7.076150036,39.873413948,1979,,DIRECÇÃO-GERAL DOS RECURSOS E APROVEITAMENTOS HIDRÁULICOS,Terra zonada,16,14,319,289.5,8,287.5,288.5,0,1,2,46.4,0,0,,14O/01A,N,N,
88,Touvedo,RIO LIMA,LIMA,VIANA DO CASTELO,PONTE DA BARCA,TOUVEDO (SALVADOR),1686.48,175.55,1404,524,41,0,25.2,22.8,5.9,2466,0,0,0,0,0,0,0,181666,538113,-8.35376078,41.812232404,1993,EDP - Gestão da Produção de Energia S.A. Direcção da Produção Hidraúlica,"ELECTRICIDADE DE PORTUGAL, S.A.",Gravidade de betão aligeirada,42.5,0,133.5,55,0,50,55,48,0,5,172,0,0,,03G/01A,N,N,
237,Vale Coelheiros,RIBEIRA DO ARROIO DA PERNADA DO MARCO (ESTEIRO NOVO),SADO,SETÚBAL,GRÂNDOLA,GRÂNDOLA,134.72,134.73,307,90,20,0,2.5,18.7,0.8,654,0,0,0,0,0,0,0,151077,147786,-8.692341239,38.295829971,0,,,,0,30,0,0,0,0,0,0,0,0,0,0,0,,,,N,
114,Vale Côvo (Salgueiral),RIBEIRA DAS RELVAS,DOURO,BRAGANÇA,TORRE DE MONCORVO,CARDANHA,2.2,2.2,511,459,339,0,13.3,2.3,6.8,593,0,0,0,0,0,0,0,293625,478122,-7.015830129,41.266891481,1993,CAMARA MUNICIPAL DE TORRE DE MONCORVO,,Terra,21,0,0,0,0,351.4,352,338.5,0,0,12,0,0,,,,N,
117,Vale Formoso,BARRANCO DO VALE FORMOSO,GUADIANA,BEJA,MÉRTOLA,SANTANA DE CAMBAS,1.68,1.68,223,210,194,0,3.5,1.5,1,515,0,0,0,0,0,0,0,251222,87955,-7.551835099,37.756708717,1955,,,Terra,6,0,0,0,0,0,0,0,0,0,0,0,0,,,,N,
118,Vale Poços,RIBEIRA DO VALE DE POCOS,TEJO,SANTARÉM,CORUCHE,CORUCHE,71.14,71.15,169,99,36,0,4.4,16.3,0.6,719,0,0,0,0,0,0,0,169870,215868,-8.480467754,38.909946779,0,,,Terra,0,41,0,0,0,0,0,0,0,0,0,0,0,,,,N,
115,Vale das Bicas,RIBEIRA DA LANDEIRA OU ACUDE DAS BICAS OU RIBEIRA DO VALE MACANEDO,SADO,ÉVORA,VENDAS NOVAS,LANDEIRA,63.1,63.1,148,96,19,0,3.9,20.7,0.6,722,0,0,0,0,0,0,0,158110,179874,-8.613863962,38.585240649,1939,SOCIEDADE AGRÍCOLA DA MOINHOLA,,Terra homogénea,0,12.2,680,36.2,5,32.16,0,0,0,4.04,67,0,0,,,,N,
230,Vale de Arca,RIBEIRA DE ALGALÉ,SADO,SETÚBAL,ALCÁCER DO SAL,ALCÁCER DO SAL (SANTIAGO),13.74,13.74,0,0,71,0,0,0,0,0,0,0,0,0,0,0,0,186454,155092,-8.288088723,38.362876163,0,,,,0,0,0,0,0,0,0,0,0,0,0,0,0,,,,,
13,Vale do Gaio,RIBEIRA DO XARRAMA,SADO,SETÚBAL,ALCÁCER DO SAL,TORRÃO,513.29,89.54,271,120,7,0,5.2,27.7,0.6,648,0,0,0,0,0,0,0,185783,142353,-8.295503923,38.248107712,1949,ASSOCIAÇÃO DE BENEFICIÁRIOS DO VALE DO SADO,JUNTA AUTONOMA DAS OBRAS DE HIDRÁULICA AGRICOLA,Enrocamento,51,34,368,44.5,6,40.5,42.5,11,2,4,550,0,0,,24H/01A,N,N,
28,Vale do Rossim,RIO ALVA OU RIBEIRA DA FERVENÇA,MONDEGO,GUARDA,GOUVEIA,MANGUALDE DA SERRA,4.3,4.31,1666,1517,1422,0,12,3.9,5.7,1855,0,0,0,0,0,0,0,246231,381349,-7.588544554,40.399609228,1956,EDP - Gestão da Produção de Energia S.A. Direcção da Produção Hidraúlica,HIDRO-ELÉCTRICA DA SERRA DA ESTRELA,Gravidade de betão,27,17.46,375,1437.5,1.5,1436,1436.75,1422.87,0.75,1.04,37,0,0,,11L/02AE,N,N,A albufeira desta barragem alimenta a central hidroeléctrica do Sabugueiro II do sistema produtor hidroeléctrico da Serra da Estrela.
57,Valeira,RIO DOURO,DOURO,VISEU,SÃO JOÃO DA PESQUEIRA,SÃO JOÃO DA PESQUEIRA,85641.4,828.42,1039,474,92,0,18.5,66.7,1,626,0,0,0,0,0,0,0,263625,465959,-7.37506638,41.160299006,1975,EDP - Gestão da Produção de Energia S.A. Direcção da Produção Hidraúlica,"ELECTRICIDADE DE PORTUGAL, S.A.",Gravidade de betão,48,0,380,113,6,105.2,113,103.5,0,7.8,795,0,0,,07M/02A,S,N,
119,Valpaços,RIO RABAÇAL,DOURO,BRAGANÇA,MIRANDELA,VALE DE SALGUEIRO,1092.24,234.48,925,566,232,0,12.1,35.2,1.9,796,0,0,0,0,0,0,0,272904,511485,-7.259060645,41.569384921,0,,,,0,239,0,0,0,0,0,0,0,0,0,0,0,,,,N,
58,Varosa,RIO VAROSA,DOURO,VISEU,LAMEGO,VALDIGEM,307.24,307.25,1343,790,250,0,16,33.7,2.2,1601,0,0,0,0,0,0,0,230025,461315,-7.77560316,41.120420652,1934,EDP - Gestão da Produção de Energia S.A. Direcção da Produção Hidraúlica,A STUCKY,Arco Abóboda,0,76,213,265,3.44,264,265,224.05,0,1,70,0,0,,07K/02AE,N,N,
121,Veiguinhas,RIO SABOR,DOURO,BRAGANÇA,BRAGANÇA,CARRAGOSA,9.01,9.02,1576,1349,1194,0,10.5,7.1,5.3,1176,0,0,0,0,0,0,0,310185,554670,-6.804194102,41.953825808,0,,,Gravidade de betão,35,0,0,0,0,1218,1219,1203,0,0,0,0,0,,,,S,Faz parte do aproveitamento de fins multiplos do Alto Sabor
17,Venda Nova (Rabagão),RIO RABAGÃO,CÁVADO/RIBEIRAS COSTEIRAS,BRAGA,VIEIRA DO MINHO,CAMPOS,239.35,136.23,1269,906,606,0,16.4,21.8,2,2086,0,0,0,0,0,0,0,212352,523549,-7.984773617,41.681225973,1951,EDP - Gestão da Produção de Energia S.A. Direcção da Produção Hidraúlica,A COYNE,Gravidade de betão,97,0,230,701,0,700,701,641,0,1,400,0,0,,03J/04A,N,N,
238,Venda Nova (Sado),RIBEIRA DO VALE DO ENXOFRAL,SADO,SETÚBAL,ALCÁCER DO SAL,ALCÁCER DO SAL (SANTA MARIA DO CASTELO),18.12,18.13,107,79,29,0,3.2,6.2,1,705,0,0,0,0,0,0,0,163086,172333,-8.556357297,38.517531588,0,,,,0,35,0,0,0,0,0,0,0,0,0,0,0,,,,N,
122,Venda Velha,VALA DA ASSEICEIRA,TEJO,SETÚBAL,ALCOCHETE,ALCOCHETE,173.04,173.04,131,55,5,0,1.9,29.3,0.4,693,0,0,0,0,0,0,0,138852,191711,-8.83591519,38.69074516,1957,SOCIEDADE AGRÍCOLA DE RIO FRIO,,Terra homogénea,0,12.5,550,18.55,4,14.55,16.35,5.55,2.2,4,115,0,0,,,,N,
69,Vigia,RIBEIRA DO VALE DO VASCO,GUADIANA,ÉVORA,REDONDO,MONTOITO,125.32,125.33,363,264,210,0,3.7,18.9,0.4,619,0,0,0,0,0,0,0,245862,174662,-7.607082669,38.538099703,1981,ASSOCIAÇÃO DE BENEFICIÁRIOS DA OBRA DA VIGIA,,Terra zonada,30,0,300,226.25,10,224,224.75,210,1.5,2.25,262,0,0,,22L/01A,N,N,
124,Vila Seca,RIO CORGO,DOURO,VILA REAL,VILA REAL,ADOUFE,118.02,118.02,1308,812,464,0,16.1,22.3,2.1,1552,0,0,0,0,0,0,0,235222,486214,-7.712289996,41.344400545,0,,,Enrocamento,69,0,0,0,0,514,0,0,0,0,0,0,0,,,,N,
41,Vilar-Tabuaço,RIO TÁVORA,DOURO,VISEU,SERNANCELHE,FONTE ARCADA,357.39,348.7,982,738,502,0,11.5,39.6,0.8,948,0,0,0,0,0,0,0,250347,446630,-7.534833884,40.987194175,1965,EDP - Gestão da Produção de Energia S.A. Direcção da Produção Hidraúlica,HIDRO-ELÉCTRICA DO DOURO,Enrocamento com cortina a montante,58,55,240,555,5.2,552,555,525,0,3,670,0,0,,08L/01A,N,N,
51,Vilarinho das Furnas,RIO HOMEM,CÁVADO/RIBEIRAS COSTEIRAS,BRAGA,TERRAS DE BOURO,CAMPO DO GERÊS,58.51,58.52,1513,983,497,0,35.1,17.8,5,3123,0,0,0,0,0,0,0,193625,532672,-8.209782724,41.7634327,1972,EDP - Gestão da Produção de Energia S.A. Direcção da Produção Hidraúlica,HIDRO-ELÉCTRICA DO CÁVADO,Abóboda,94,0,385,570,0,569.5,570,503,0,0.5,346,0,0,,03H/01A,N,S,
125,Vinhas,RIBEIRA DAS VINHAS,TEJO,PORTALEGRE,PONTE DE SOR,GALVEIAS,1.07,1.08,241,202,161,0,6.3,2.2,2.8,699,0,0,0,0,0,0,0,214502,245752,-7.965267936,39.179527158,0,,,,0,148,0,0,0,163,164,0,0,0,0,0,0,,,,N,